observat,dist_cod,county,district,gr_span,enrl_tot,teachers,calw_pct,meal_pct,computer,testscr,comp_stu,expn_stu,str,avginc,el_pct,read_scr,math_scr
1,75119,"Alameda","Sunol Glen Unified","KK-08",195,10.9,.5102,2.0408,67,690.8,.3435898,6384.911,17.88991,22.69,0,691.6,690
2,61499,"Butte","Manzanita Elementary","KK-08",240,11.15,15.4167,47.9167,101,661.2,.4208333,5099.381,21.52466,9.824,4.583333,660.5,661.9
3,61549,"Butte","Thermalito Union Elementary","KK-08",1550,82.9,55.0323,76.3226,169,643.6,.1090323,5501.955,18.69723,8.978,30,636.3,650.9
4,61457,"Butte","Golden Feather Union Elementary","KK-08",243,14,36.4754,77.0492,85,647.7,.3497942,7101.831,17.35714,8.978,0,651.9,643.5
5,61523,"Butte","Palermo Union Elementary","KK-08",1335,71.5,33.1086,78.427,171,640.85,.1280899,5235.988,18.67133,9.080333,13.85768,641.8,639.9
6,62042,"Fresno","Burrel Union Elementary","KK-08",137,6.4,12.3188,86.9565,25,605.55,.1824818,5580.147,21.40625,10.415,12.40876,605.7,605.4
7,68536,"San Joaquin","Holt Union Elementary","KK-08",195,10,12.9032,94.6237,28,606.75,.1435897,5253.331,19.5,6.577,68.71795,604.5,609
8,63834,"Kern","Vineland Elementary","KK-08",888,42.5,18.8063,100,66,609,.0743243,4565.746,20.89412,8.174,46.95946,605.5,612.5
9,62331,"Fresno","Orange Center Elementary","KK-08",379,19,32.19,93.1398,35,612.5,.0923483,5355.548,19.94737,7.385,30.07916,608.9,616.1
10,67306,"Sacramento","Del Paso Heights Elementary","KK-06",2247,108,78.9942,87.3164,0,612.65,0,5036.211,20.80556,11.61333,40.27592,611.9,613.4
11,65722,"Merced","Le Grand Union Elementary","KK-08",446,21,18.6099,85.8744,86,615.75,.1928251,4547.692,21.23809,8.931,52.9148,612.8,618.7
12,62174,"Fresno","West Fresno Elementary","KK-08",987,47,71.7131,98.6056,56,616.3,.0567376,5447.345,21,7.385,54.60993,616.6,616
13,71795,"Tulare","Allensworth Elementary","KK-08",103,5,22.4299,98.1308,25,616.3,.2427184,6567.149,20.6,5.335,42.71844,612.8,619.8
14,72181,"Tulare","Sunnyside Union Elementary","KK-08",487,24.34,24.6094,77.1484,0,616.3,0,4818.613,20.00822,8.279,20.53388,610,622.6
15,72298,"Tulare","Woodville Elementary","KK-08",649,36,14.6379,76.2712,31,616.45,.0477658,5621.456,18.02778,9.63,80.12326,611.9,621
16,72041,"Tulare","Pixley Union Elementary","KK-08",852,42.07,24.2142,94.2957,80,617.35,.0938967,6026.36,20.25196,7.454,49.41314,614.8,619.9
17,63594,"Kern","Lost Hills Union Elementary","KK-08",491,28.92,11.2016,97.7597,100,618.05,.203666,6723.238,16.97787,6.216,85.53972,611.7,624.4
18,63370,"Kern","Buttonwillow Union Elementary","KK-08",421,25.5,8.5511,77.9097,50,618.3,.1187648,5589.885,16.5098,7.764,58.90736,614.9,621.7
19,64709,"Los Angeles","Lennox Elementary","KK-08",6880,303.03,21.2824,94.9712,960,619.8,.1395349,5064.616,22.70402,7.022,77.00581,619.1,620.5
20,63560,"Kern","Lamont Elementary","KK-08",2688,135,23.4375,93.2292,139,620.3,.0517113,5433.593,19.91111,5.699,49.81399,621.3,619.3
21,63230,"Imperial","Westmorland Union Elementary","KK-08",440,24,34.7727,100,69,620.5,.1568182,5725.563,18.33333,7.941,40.68182,615.6,625.4
22,72058,"Tulare","Pleasant View Elementary","KK-08",475,21,21.6495,91.5464,53,621.4,.1115789,4542.105,22.61905,9.63,16.21053,619.9,622.9
23,63842,"Kern","Wasco Union Elementary","KK-08",2538,130.5,18.9111,70.8167,169,621.75,.0665879,5107.086,19.44828,7.405,45.07486,622.9,620.6
24,71811,"Tulare","Alta Vista Elementary","KK-08",476,19,43.8559,100,0,622.05,0,4659.662,25.05263,9.63,39.07563,620.7,623.4
25,65748,"Merced","Livingston Union Elementary","KK-08",2357,114,16.801,90.6237,216,622.6,.0916419,4555.464,20.67544,8.019,76.66525,619.5,625.7
26,72272,"Tulare","Woodlake Union Elementary","KK-08",1588,85,22.4072,85.1472,198,623.1,.1246851,5415.153,18.68235,8.523,40.49118,625,621.2
27,65961,"Monterey","Alisal Union Elementary","KK-06",7306,319.8,17.0015,88.0349,742,623.2,.1015604,4997.872,22.84553,7.983181,73.72023,620.4,626
28,63313,"Kern","Arvin Union Elementary","KK-08",2601,135,15.0711,92.1953,269,623.45,.1034218,5223.912,19.26667,7.305,70.01154,616.5,630.4
29,72199,"Tulare","Terra Bella Union Elementary","KK-08",847,44,16.2928,90.2007,67,623.6,.0791027,5139.165,19.25,8.934,55.96222,620.1,627.1
30,72215,"Tulare","Tipton Elementary","KK-08",452,22,14.4989,81.0235,55,624.15,.1216814,4614.252,20.54545,8.554,11.06195,627.9,620.4
31,68379,"San Diego","San Ysidro Elementary","KK-08",4142,201,35.5625,81.5065,569,624.55,.1373733,5342.233,20.60697,6.613,80.42009,620.4,628.7
32,75440,"Monterey","Soledad Unified","KK-08",2102,99.75,15.3199,90.2849,224,624.95,.1065652,5347.458,21.07268,12.409,63.13036,623,626.9
33,64816,"Los Angeles","Mountain View Elementary","KK-08",10012,464.9,29.7639,91.5934,721,625.3,.0720136,5036.459,21.53581,8.126616,65.12186,620.8,629.8
34,66050,"Monterey","King City Union Elementary","KK-08",2488,125,12.692,55.093,202,625.85,.0811897,5117.142,19.904,11.431,53.4164,626.1,625.6
35,67819,"San Bernardino","Ontario-Montclair Elementary","KK-08",25151,1186.7,17.4426,80.1956,1713,626.1,.0681086,5117.04,21.19407,11.72223,49.82307,625.4,626.8
36,64758,"Los Angeles","Los Nietos Elementary","KK-08",2267,103.68,19.1517,84.4338,177,626.8,.0780768,5272.192,21.86535,11.3325,35.46537,625.4,628.2
37,65870,"Merced","Winton Elementary","KK-08",1657,90.4,28.8473,84.7314,204,626.9,.1231141,5225.719,18.32965,9.598,56.12553,623.6,630.2
38,62380,"Fresno","Raisin City Elementary","KK-08",284,17.5,14.527,94.9324,18,627.1,.0633803,6516.533,16.22857,14.558,32.39437,628.9,625.3
39,68999,"San Mateo","Ravenswood City Elementary","KK-08",5370,280,19.5717,81.1173,562,627.25,.1046555,4559.177,19.17857,22.06,65.5121,624.4,630.1
40,63578,"Kern","Richland-Lerdo Union Elementary","KK-08",2471,121.86,23.796,87.7782,275,627.3,.111291,5119.158,20.27737,9.709,53.05544,627.5,627.1
41,72538,"Ventura","Oxnard Elementary","KK-08",15386,669.36,12.5064,71.4331,1762,628.25,.1145197,5338.186,22.98614,11.48294,49.64253,627.8,628.7
42,65680,"Merced","El Nido Elementary","KK-08",184,9,22.2826,85.8696,40,628.4,.2173913,5090.045,20.44444,8.178,45.1087,621.6,635.2
43,63461,"Kern","Fairfax Elementary","KK-08",1217,61.4,33.908,88.0952,78,628.55,.064092,5485.496,19.82085,8.174,30.32046,629.4,627.7
44,63404,"Kern","Delano Union Elementary","KK-08",6219,268,21.4986,100,571,628.65,.0918154,4793.37,23.20522,7.5,52.24313,621.1,636.2
45,67199,"Riverside","Perris Elementary","KK-06",4258,221,24.6595,92.7431,324,628.75,.0760921,5092.917,19.26697,10.0505,36.80132,626.5,631
46,65078,"Los Angeles","Valle Lindo Elementary","KK-08",1235,53,8.2183,62.1302,175,629.8,.1417004,4359.521,23.30189,7.332,30.2834,630.2,629.4
47,69369,"Santa Clara","Alum Rock Union Elementary","KK-08",16244,766.65,17.4531,69.7399,1423,630.35,.0876016,5645.496,21.18829,12.58158,49.86457,629.5,631.2
48,63438,"Kern","Edison Elementary","KK-08",814,39,19.7789,67.4447,85,630.4,.1044226,4518.016,20.8718,15.177,13.75921,631.9,628.9
49,63321,"Kern","Bakersfield City Elementary","KK-08",27176,1429,39.2184,84.295,3324,630.55,.1223138,5864.366,19.01749,12.10913,28.8637,631.6,629.5
50,69450,"Santa Clara","Franklin-McKinley Elementary","KK-08",10696,487.97,22.1578,70.8957,1306,630.55,.1221017,5257.997,21.91938,11.785,52.80479,628.5,632.6
51,64592,"Los Angeles","Hawthorne Elementary","KK-08",8935,444.5,36.9451,79.512,786,631.05,.0879687,5016.692,20.10124,14.062,44.08506,628.4,633.7
52,65193,"Madera","Chowchilla Elementary","KK-08",1600,74.5,27.2614,79.7255,242,631.4,.15125,4720.086,21.47651,10.472,35.25,635.7,627.1
53,66142,"Monterey","Salinas City Elementary","KK-06",9028,449.92,13.9885,69.9425,669,631.85,.0741028,5470.563,20.06579,13.40512,37.49446,633,630.7
54,69120,"Santa Barbara","Santa Maria-Bonita Elementary","KK-08",10625,521.47,7.4975,77.5256,896,631.9,.0843294,5615.442,20.3751,12.3018,50.39059,629.6,634.2
55,65110,"Los Angeles","Whittier City Elementary","KK-08",7151,318.58,18.5481,61.7382,560,631.95,.0783107,5245.44,22.44648,15.40407,31.07258,634.2,629.7
56,64477,"Los Angeles","Eastside Union Elementary","KK-08",2404,105,20.9274,52.9435,202,632,.0840266,4838.175,22.89524,13.762,18.26123,633.5,630.5
57,64691,"Los Angeles","Lawndale Elementary","KK-08",5804,283.15,28.3425,81.1165,480,632.2,.0827016,5367.988,20.49797,14.184,34.70021,631.4,633
58,67421,"Sacramento","Robla Elementary","KK-06",2253,112.65,43.4976,84.5539,196,632.25,.0869951,5526.237,20,8.865,33.28895,637.5,627
59,66191,"Monterey","Santa Rita Union Elementary","KK-08",2807,126.12,15.4595,52.3964,152,632.45,.0541503,4353.02,22.25658,12.997,33.48771,637.3,627.6
60,72561,"Ventura","Rio Elementary","KK-08",3074,142.55,11.2898,66.1949,249,632.85,.081002,5034.29,21.56436,11.592,38.15875,633.2,632.5
61,72157,"Tulare","Strathmore Union Elementary","KK-08",723,37.12,25.9211,83.1579,45,632.95,.0622407,4692.494,19.47737,8.279,36.92946,629.2,636.7
62,67397,"Sacramento","North Sacramento Elementary","KK-06",5138,290.775,58.7522,84.999,560,633.05,.1089918,5606.782,17.67002,10.90564,32.98949,630.3,635.8
63,66423,"Orange","Anaheim Elementary","KK-06",20927,953.5,10.9114,82.3926,1048,633.15,.0500788,4969.181,21.94756,13.40063,58.21666,629.6,636.7
64,63974,"Kings","Lemoore Union Elementary","KK-08",3017,138.5,14.9768,56.0636,496,633.65,.1644017,4675.675,21.78339,11.081,17.00365,634.4,632.9
65,63875,"Kings","Armona Union Elementary","KK-08",957,50,27.1682,82.1317,149,633.9,.1556949,5306.133,19.14,9.082,17.65935,634.7,633.1
66,63339,"Kern","Beardsley Elementary","KK-08",1639,90.5,46.8882,80.6042,287,634,.1751068,5693.883,18.1105,13.39,7.321537,638.4,629.6
67,65037,"Los Angeles","South Whittier Elementary","KK-08",4340,209.84,17.7026,93.9227,284,634.05,.0654378,5181.58,20.68242,14.60163,31.19816,631.9,636.2
68,63917,"Kings","Hanford Elementary","KK-08",5079,224.5,25.5593,63.8036,585,634.1,.1151802,5228.651,22.62361,11.116,16.61744,637.7,630.5
69,68221,"San Diego","National Elementary","KK-06",6639,304.73,26.8414,100,505,634.1,.0760657,5339.391,21.7865,8.423,58.08104,631.5,636.7
70,70904,"Sonoma","Roseland Elementary","KK-06",1154,62.1,22.9277,84.9206,129,634.15,.1117851,6056.497,18.58293,11.665,55.89254,636.8,631.5
71,63420,"Kern","Di Giorgio Elementary","KK-08",237,11,19.8312,76.7932,13,634.2,.0548523,4845.68,21.54545,7.305,5.485232,631.8,636.6
72,64642,"Los Angeles","Keppel Union Elementary","KK-08",2987,141.21,21.2588,68.3964,273,634.4,.091396,4826.666,21.15289,13.7306,14.42919,637.7,631.1
73,63966,"Kings","Lakeside Union Elementary","KK-08",499,30,40.367,83.1193,94,634.55,.1883768,5367.09,16.63333,11.116,22.84569,635.5,633.6
74,65771,"Merced","Merced City Elementary","KK-08",11474,542.65,40.5526,77.0089,1248,634.7,.1087677,5742.733,21.14438,10.36443,38.78334,633.2,636.2
75,69203,"Santa Barbara","Guadalupe Union Elementary","KK-08",1088,55,14.1544,86.0294,107,634.9,.0983456,4136.251,19.78182,6.983,64.24632,631.1,638.7
76,67694,"San Bernardino","Cucamonga Elementary","KK-08",2660,140.12,15.7601,74.851,259,634.95,.0973684,5267.831,18.98373,14.4678,25.22556,637.8,632.1
77,61705,"Contra Costa","Knightsen Elementary","KK-08",353,19.98,8.6721,33.0623,8,635.05,.0226629,5238.392,17.66767,14.653,5.382436,636.6,633.5
78,63008,"Humboldt","Rio Dell Elementary","KK-08",329,18.53,28.9157,85.5422,37,635.2,.112462,5462.899,17.75499,10.629,6.079028,644.3,626.1
79,70417,"Siskiyou","Montague Elementary","KK-08",252,16.5,23.4568,66.2551,32,635.45,.1269841,6313.374,15.27273,9.781,0,640.9,630
80,70409,"Siskiyou","McCloud Union Elementary","KK-08",175,12.5,21.7647,68.8235,31,635.6,.1771429,6653.031,14,10.656,0,634.6,636.6
81,72587,"Ventura","Santa Paula Elementary","KK-08",3835,186.2,13.9911,72.8628,897,635.6,.2338983,5533.149,20.59613,11.938,34.88918,633,638.2
82,62539,"Fresno","West Park Elementary","KK-08",314,19.25,29.9363,93.6306,8,635.75,.0254777,6118.71,16.31169,7.385,13.05732,636.7,634.8
83,65631,"Merced","Atwater Elementary","KK-08",4458,211,22.2222,72.3208,445,635.95,.0998205,5098.627,21.12796,10.676,36.02512,633.2,638.7
84,65862,"Merced","Weaver Union Elementary","KK-08",1313,75.08,32.0868,73.5976,112,636.1,.0853008,5652.879,17.48801,9.972,34.65347,633.9,638.3
85,62356,"Fresno","Pacific Union Elementary","KK-08",474,26.5,21.519,75.7384,36,636.5,.0759494,5329.002,17.88679,8.258,28.69198,634.7,638.3
86,75051,"San Bernardino","Lucerne Valley Unified","KK-08",1114,57.7,29.4468,62.2128,277,636.6,.2486535,5929.809,19.30676,8.896,1.795332,645.4,627.8
87,67231,"Riverside","Romoland Elementary","KK-06",1358,65,14.7903,80.8683,178,636.7,.1310751,4897.068,20.89231,12.062,30.63329,632.3,641.1
88,64501,"Los Angeles","El Monte City Elementary","KK-08",11629,546.3,25.3794,83.8737,1015,636.9,.0872818,5100.202,21.28684,9.428895,59.03345,632.4,641.4
89,63503,"Kern","Greenfield Union Elementary","KK-08",6195,306.75,21.0433,68.5719,1261,636.95,.2035512,4825.723,20.1956,8.920333,13.55932,636.2,637.7
90,72033,"Tulare","Palo Verde Union Elementary","KK-08",499,20,23.6994,80.9249,35,637,.0701403,4079.129,24.95,10.098,5.01002,636.1,637.9
91,67322,"Sacramento","Elverta Joint Elementary","KK-08",417,23,19.9041,46.0432,27,637.1,.0647482,5349.368,18.13043,11.83,.9592326,638,636.2
92,64048,"Lake","Lucerne Elementary","KK-08",300,15,48.3444,72.1854,55,637.35,.1833333,5869.389,20,11.553,.6666667,640.9,633.8
93,69542,"Santa Clara","Luther Burbank Elementary","KK-08",457,24.4,16.8161,67.713,50,637.65,.1094092,6462.128,18.72951,19.707,38.51204,644.9,630.4
94,61382,"Butte","Bangor Union Elementary","KK-08",146,8,25.3425,54.1096,34,637.95,.2328767,6231.602,18.25,7.105,0,646.1,629.8
95,68858,"San Mateo","Bayshore Elementary","KK-08",460,24.22,10.5932,66.9492,71,637.95,.1543478,4993.868,18.99257,13.725,17.17391,633.2,642.7
96,72017,"Tulare","Oak Valley Union Elementary","KK-08",354,17.8,10.2778,59.7222,28,638,.079096,4663.811,19.88764,10.098,9.887006,636.7,639.3
97,65151,"Los Angeles","Wilsona Elementary","KK-08",1841,95,25.258,64.7474,315,638.2,.1711027,6107.106,19.37895,13.762,19.39164,640.4,636
98,63073,"Imperial","Brawley Elementary","KK-08",3760,183.75,26.9016,65.7961,717,638.3,.1906915,5324.228,20.46259,9.665,36.48936,636.2,640.4
99,63198,"Imperial","Meadows Union Elementary","KK-08",500,22.43,18.8,83,70,638.3,.14,5221.461,22.29157,10.264,39.4,630.4,646.2
100,64717,"Los Angeles","Little Lake City Elementary","KK-08",5112,246.9,10.6912,59.7235,383,638.35,.0749217,5157.785,20.70474,11.5692,28.67762,638.6,638.1
101,63719,"Kern","Pond Union Elementary","KK-08",146,7.66,13.6986,66.4384,28,638.55,.1917808,5131.119,19.06005,7.405,13.69863,637.5,639.6
102,63800,"Kern","Taft City Elementary","KK-08",2141,105.82,26.4965,65.3828,134,638.7,.0625876,5279.354,20.23247,12.077,11.34984,636.9,640.5
103,71357,"Sutter","Brittan Elementary","KK-08",610,30.98,8.5246,56.0656,144,639.25,.2360656,4704.044,19.69012,11.283,3.442623,640.3,638.2
104,65557,"Mendocino","Arena Union Elementary","KK-08",337,16.55,21.2625,60.1329,26,639.3,.0771513,6089.911,20.36254,10.035,15.43027,642.7,635.9
105,67587,"San Bernardino","Adelanto Elementary","KK-08",4501,227.85,19.1297,63.9055,597,639.35,.1326372,5356.833,19.75422,8.384,17.97378,639.9,638.8
106,67470,"San Benito","Hollister School District","KK-08",5718,295.05,6.8407,37.0456,313,639.5,.0547394,5144.549,19.37977,13.63,22.71773,641.4,637.6
107,64857,"Los Angeles","Palmdale Elementary","KK-08",19402,846.38,20.5237,51.2421,1182,639.75,.0609216,4906.23,22.92351,14.12767,18.43624,641.7,637.8
108,61507,"Butte","Oroville City Elementary","KK-08",3401,175.55,52.2199,74.2723,560,639.8,.1646575,5489.589,19.3734,11.26612,16.17171,641.5,638.1
109,63792,"Kern","Standard Elementary","KK-08",2621,136.83,25.8298,64.0977,397,639.85,.1514689,5718.551,19.15516,13.39,2.022129,641.4,638.3
110,72447,"Ventura","Briggs Elementary","KK-08",426,20,3.9906,64.7887,87,639.9,.2042253,4436.153,21.3,11.938,9.624413,634.3,645.5
111,62323,"Fresno","Monroe Elementary","KK-08",205,11.2,18.5366,80.9756,24,640.1,.1170732,4895.439,18.30357,8.258,41.46341,643.5,636.7
112,64667,"Los Angeles","Lancaster Elementary","KK-08",13668,648.41,28.1753,56.2994,1321,640.15,.0966491,5159.219,21.07926,14.22673,9.899035,640.4,639.9
113,65177,"Madera","Alview-Dairyland Union Elementary","KK-08",342,18.2,11.396,68.0912,98,640.5,.2865497,5490.655,18.79121,10.472,16.08187,637.7,643.3
114,66589,"Orange","Magnolia Elementary","KK-06",6518,332.1,12.2791,71.0238,499,640.75,.0765572,5172.02,19.62662,14.2429,43.49494,638.5,643
115,71985,"Tulare","Liberty Elementary","KK-08",239,12.2,15.6118,69.6203,30,640.9,.125523,4441.673,19.59016,14.066,8.786611,644.9,636.9
116,69617,"Santa Clara","Mt. Pleasant Elementary","KK-08",2911,139.47,11.9285,52.9735,281,641.1,.0965304,5220.37,20.87187,15.968,39.02439,640.4,641.8
117,63123,"Imperial","El Centro Elementary","KK-08",6272,297.04,28.72,71.7624,1338,641.45,.2133291,5252.811,21.115,10.264,53.8903,639.3,643.6
118,68395,"San Diego","South Bay Union Elementary","KK-06",10218,508.75,17.4202,70.8064,1435,641.45,.1404384,5518.702,20.08452,10.60247,41.13329,638.6,644.3
119,69914,"Shasta","Cascade Union Elementary","KK-08",1735,87.14,47.2622,75.5043,222,641.55,.1279539,5609.488,19.91049,10.523,1.383285,640.8,642.3
120,71969,"Tulare","Kings River Union Elementary","KK-08",474,26.61,20.6751,82.0675,96,641.8,.2025317,4945.032,17.81285,11.238,35.44304,638.9,644.7
121,71548,"Tehama","Gerber Union Elementary","KK-08",544,30,20.5505,74.8624,145,642.2,.2665441,5223.025,18.13333,10.056,8.639706,641.8,642.6
122,71910,"Tulare","Exeter Union Elementary","KK-08",1987,103.37,15.2812,54.6541,283,642.2,.1424258,4757.025,19.22221,11.183,15.34977,637,647.4
123,62000,"Fresno","American Union Elementary","KK-08",418,22.4,10.6965,63.4328,50,642.4,.1196172,5522.162,18.66072,7.385,19.85646,640.2,644.6
124,66167,"Monterey","San Antonio Union Elementary","KK-08",196,10,19.6891,47.1503,40,642.75,.2040816,6087.609,19.6,13.579,3.061224,652.6,632.9
125,71837,"Tulare","Burton Elementary","KK-08",2208,114.5,14.414,53.2106,92,643.05,.0416667,4960.516,19.28384,9.63,9.873188,642,644.1
126,67157,"Riverside","Nuview Union Elementary","KK-08",1255,55,11.3222,44.2597,165,643.2,.1314741,4880.041,22.81818,15.274,16.09562,642.6,643.8
127,70615,"Sonoma","Bellevue Union Elementary","KK-06",1469,78.1,20.9666,80.2587,65,643.25,.0442478,6538.418,18.80922,14.03425,43.49898,639.4,647.1
128,64550,"Los Angeles","Garvey Elementary","KK-08",7114,332.84,34.5942,82.5722,680,643.4,.0955862,4925.66,21.37363,10.23967,45.03795,638.9,647.9
129,71498,"Tehama","Corning Union Elementary","KK-08",1962,98,24.4151,67.7518,170,643.4,.0866463,5204.688,20.02041,9.485,18.19572,641.7,645.1
130,68916,"San Mateo","Jefferson Elementary","KK-08",7761,361,6.4912,44.4766,658,643.5,.0847829,4907.411,21.49862,15.02987,15.48769,644.2,642.8
131,70185,"Siskiyou","Big Springs Union Elementary","KK-08",216,14,9.417,48.8789,47,643.5,.2175926,5923.452,15.42857,9.781,.9259259,652.7,634.3
132,63487,"Kern","General Shafter Elementary","KK-08",224,10,7.1429,58.0357,31,643.7,.1383929,4741.957,22.4,13.192,7.589286,633.6,653.8
133,71308,"Stanislaus","Turlock Joint Elementary","KK-08",7887,391.86,16.4024,57.0722,1004,643.7,.1272981,4954.02,20.12709,12.216,29.08584,645.7,641.7
134,72421,"Tuolumne","Twain Harte-Long Barn Union Elementary","KK-08",752,39.5,11.7105,34.0789,0,644.2,0,5500.108,19.03798,14.076,.1329787,652.3,636.1
135,69005,"San Mateo","Redwood City Elementary","KK-08",9328,537.88,7.4875,39.0368,1719,644.2,.1842839,5360.517,17.34216,25.48733,50.85763,644.5,643.9
136,61846,"El Dorado","Camino Union Elementary","KK-08",548,32.2,7.6642,31.3869,35,644.4,.0638686,5685.639,17.01863,14.867,11.49635,652.1,636.7
137,65813,"Merced","Plainsburg Union Elementary","KK-08",104,5,32.381,49.5238,19,644.45,.1826923,5594.196,20.8,9.972,13.46154,649.5,639.4
138,68486,"San Joaquin","Banta Elementary","KK-08",275,13,12.7273,45.8182,4,644.45,.0145455,4692.567,21.15385,14.578,4.727273,643.2,645.7
139,62513,"Fresno","Washington Colony Elementary","KK-08",443,24,14.2212,69.9774,52,644.5,.1173815,5085.406,18.45833,7.385,21.44469,644.3,644.7
140,67405,"Sacramento","Rio Linda Union Elementary","KK-06",10337,540.05,37.2269,58.5454,1268,644.55,.1226662,5456.197,19.14082,12.343,12.35368,646,643.1
141,71050,"Stanislaus","Chatom Union Elementary","KK-08",806,41.53,7.1788,56.6751,36,644.7,.044665,5105.18,19.40766,12.43133,30.14888,645.3,644.1
142,73726,"Merced","Merced River Union Elementary","KK-08",227,11.6,18.0617,59.0308,25,644.95,.1101322,5519.677,19.56896,14.906,15.85903,649.7,640.2
143,72462,"Ventura","Hueneme Elementary","KK-08",8416,391.42,12.399,71.9121,1333,645.1,.1583888,5065.911,21.5012,12.6699,43.75,642.9,647.3
144,62737,"Humboldt","Cuddeback Union Elementary","KK-08",149,8.5,19.4631,59.0604,30,645.25,.2013423,5182.428,17.52941,10.333,0,656.8,633.7
145,62703,"Humboldt","Blue Lake Union Elementary","KK-08",220,13.39,19.1304,52.1739,48,645.55,.2181818,5960.464,16.43017,11.972,0,658,633.1
146,68205,"San Diego","Lemon Grove Elementary","KK-08",4612,232.97,17.4761,65.915,601,645.55,.1303122,5124.836,19.79654,12.827,16.65221,647.7,643.4
147,64063,"Lake","Upper Lake Union Elementary","KK-08",590,34.33,37.4368,70.6577,71,645.6,.120339,5655.133,17.18613,10.04,3.220339,644.8,646.4
148,62984,"Humboldt","Peninsula Union Elementary","KK-08",133,7.55,25,72.1429,25,645.75,.1879699,5811.69,17.61589,13.335,0,644.3,647.2
149,72512,"Ventura","Ocean View Elementary","KK-08",2440,121.24,7.2759,47.0299,116,645.75,.047541,5467.674,20.12537,9.854,48.52459,645.5,646
150,71647,"Tehama","Reeds Creek Elementary","KK-08",133,6,11.194,35.8209,0,646,0,5213.089,22.16667,11.426,.7518797,652.5,639.5
151,67280,"Sacramento","Arcohe Union Elementary","KK-08",519,26,16.763,37.9576,65,646.2,.1252408,4613.188,19.96154,15.131,1.926782,650.9,641.5
152,68627,"San Joaquin","New Jerusalem Elementary","KK-08",222,11.66,7.5893,40.625,30,646.35,.1351351,4886.984,19.03945,14.578,13.51351,643,649.7
153,70243,"Siskiyou","Dunsmuir Elementary","KK-08",285,18.72,26.6423,76.2774,36,646.4,.1263158,6455.137,15.22436,10.268,0,641.6,651.2
154,71282,"Stanislaus","Stanislaus Union Elementary","KK-08",3129,147.98,26.1676,55.7901,471,646.5,.1505273,5125.433,21.14475,15.59286,16.71461,647.8,645.2
155,62240,"Fresno","Kingsburg Joint Union Elementary","KK-08",2019,102.78,10.2526,40.5646,167,646.55,.0827142,5193.692,19.6439,11.238,5.943536,649.1,644
156,66456,"Orange","Buena Park Elementary","KK-08",5620,267,10.3095,55.0939,316,646.7,.0562278,5002.839,21.04869,15.05138,36.17438,644,649.4
157,66746,"Orange","Westminster Elementary","KK-08",9775,484.5,13.043,62.5039,1218,646.9,.1246036,5337.625,20.17544,15.41318,44.97187,645.6,648.2
158,63933,"Kings","Island Union Elementary","KK-08",246,11.5,9.7561,43.9024,38,646.95,.1544715,5161.202,21.3913,11.081,16.66667,647.8,646.1
159,72231,"Tulare","Tulare City Elementary","KK-08",7210,360.35,26.6268,68.8579,800,647.05,.110957,5158.792,20.00833,10.098,15.18724,642.5,651.6
160,68023,"San Diego","Chula Vista Elementary","KK-06",21338,1051.58,13.2272,45.995,2889,647.25,.1353923,5123.474,20.29137,14.2983,34.3378,645,649.5
161,69880,"Shasta","Black Butte Union Elementary","KK-08",477,27,25.3669,59.5388,27,647.3,.0566038,5782.544,17.66667,11.803,0,650.8,643.8
162,65763,"Merced","McSwain Union Elementary","KK-08",727,39.9,10.1788,32.1871,50,647.6,.0687758,4842.608,18.22055,9.972,13.0674,649.4,645.8
163,71381,"Sutter","Franklin Elementary","KK-08",374,18.45,6.6845,7.4866,46,647.6,.1229947,4219.406,20.271,15.409,4.278075,651.6,643.6
164,68098,"San Diego","Escondido Union Elementary","KK-08",18255,903.76,11.2217,58.5331,2001,648,.1096138,5081.17,20.19895,15.2938,39.59463,645,651
165,64485,"Los Angeles","East Whittier City Elementary","KK-08",8787,410.91,10.0227,32.483,1058,648.2,.1204051,5144.994,21.38424,15.53293,21.66837,648,648.4
166,73544,"Kern","Rio Bravo-Greeley Union Elementary","KK-08",797,38,7.0263,35.7591,60,648.25,.0752823,4674.299,20.97368,16.293,3.262233,648.8,647.7
167,71407,"Sutter","Marcum-Illinois Union Elementary","KK-08",140,7,3.5714,39.2857,40,648.35,.2857143,4830.326,20,12.875,7.857143,651.6,645.1
168,68437,"San Diego","Vallecitos Elementary","KK-08",235,13.7,6.8085,67.234,51,648.7,.2170213,5621.688,17.15328,16.623,39.57447,643.4,654
169,67918,"San Bernardino","Victor Elementary","KK-06",8294,371.1,23.1975,51.5674,1295,648.95,.156137,4948.868,22.34977,12.54988,10.1278,645.1,652.8
170,66696,"Orange","Savanna Elementary","KK-06",2409,108.66,8.1515,52.1202,354,649.15,.1469489,5100.976,22.17007,14.25857,27.52179,646,652.3
171,71001,"Sonoma","West Side Union Elementary","KK-06",150,8.25,3.2258,23.2258,16,649.3,.1066667,5132.789,18.18182,18.326,14,655.2,643.4
172,69971,"Shasta","Enterprise Elementary","KK-08",3981,210,41.7734,51.7709,606,649.5,.1522231,5358.517,18.95714,12.74914,8.842,649.8,649.2
173,71621,"Tehama","Red Bluff Union Elementary","KK-08",2326,117.8,17.9751,52.2523,345,649.7,.1483233,5149.187,19.74533,11.426,6.405847,651.3,648.1
174,72363,"Tuolumne","Jamestown Elementary","KK-08",501,30.5,20.6349,54.7619,163,649.85,.3253493,5373.207,16.42623,8.83,2.39521,652.6,647.1
175,70482,"Siskiyou","Weed Union Elementary","KK-08",470,28.27,31.3305,89.6996,48,650.45,.1021277,6485.166,16.6254,11.176,5.957447,655.1,645.8
176,63032,"Humboldt","South Bay Union Elementary","KK-06",575,35.1,26.4348,59.1304,59,650.55,.1026087,5504.025,16.38177,14.228,8.173913,654.6,646.5
177,61655,"Contra Costa","Brentwood Union Elementary","KK-08",3519,175.3,5.5413,29.7812,789,650.6,.2242114,5105.734,20.07416,15.027,15.45894,655.4,645.8
178,72405,"Tuolumne","Summerville Elementary","KK-08",474,26.34,21.9959,54.9898,61,650.65,.128692,5634.731,17.99544,10.521,0,653.6,647.7
179,66860,"Placer","Ophir Elementary","KK-08",223,11.5,1.7544,17.5439,60,650.9,.2690583,4980.294,19.3913,18.626,0,651.8,650
180,70821,"Sonoma","Montgomery Elementary","KK-08",92,5.6,13.5417,0,22,650.9,.2391304,6113.86,16.42857,22.529,0,656.1,645.7
181,70912,"Sonoma","Santa Rosa Elementary","KK-06",4971,297.14,14.7094,55.1008,500,651.15,.1005834,5850,16.72949,18.29839,31.82458,653.3,649
182,71266,"Stanislaus","Salida Union Elementary","KK-08",2617,107.195,8.3682,32.3697,226,651.2,.0863584,4547.945,24.41345,11.88575,12.80092,651.7,650.7
183,70128,"Shasta","Shasta Union Elementary","KK-08",242,13.25,28.0992,51.6529,32,651.35,.1322314,5011.84,18.26415,9.926,0,654.4,648.3
184,62802,"Humboldt","Fortuna Union Elementary","KK-08",780,41.15,16.5394,50.7634,75,651.4,.0961538,5261.371,18.95504,14.197,3.846154,662,640.8
185,72090,"Tulare","Rockford  Elementary","KK-08",324,15.4,13.0031,58.2043,50,651.45,.154321,4276.115,21.03896,9.63,2.469136,647,655.9
186,62638,"Glenn","Plaza Elementary","KK-08",140,6.75,7.8571,45.7143,25,651.8,.1785714,4566.27,20.74074,10.639,10.71429,654.2,649.4
187,70813,"Sonoma","Monte Rio Union Elementary","KK-08",181,10,25.4144,66.8508,26,651.85,.1436464,6049.495,18.1,14.475,0,651.9,651.8
188,64105,"Lassen","Janesville Union Elementary","KK-08",516,26,9.2593,24.8148,65,651.9,.125969,4974.281,19.84615,13.467,1.937984,656.3,647.5
189,63172,"Imperial","Magnolia Union Elementary","KK-08",108,5,3.6697,32.1101,25,652,.2314815,4432.478,21.6,9.665,4.62963,648.2,655.8
190,64188,"Lassen","Shaffer Union Elementary","KK-08",419,18.67,13.9535,50,58,652.1,.1384248,4924.619,22.44242,12.708,5.250597,656.4,647.8
191,66506,"Orange","Fullerton Elementary","KK-08",12567,546.05,7.6231,40.3995,1099,652.1,.0874513,4603.66,23.01438,17.823,27.54038,651.6,652.6
192,70649,"Sonoma","Cinnabar Elementary","KK-06",287,16.17,3.7931,31.0345,65,652.3,.2264808,5973.925,17.74892,17.156,14.98258,655.1,649.5
193,69278,"Santa Barbara","Santa Barbara Elementary","KK-08",6201,339.1,7.1796,47.7025,634,652.3,.1022416,5215.944,18.28664,19.58964,47.87938,650.9,653.7
194,63016,"Humboldt","Rohnerville Elementary","KK-08",577,29.95,20.3361,46.0504,134,652.35,.2322357,4882.237,19.26544,14.197,0,657.2,647.5
195,71431,"Sutter","Pleasant Grove Joint Union Elementary","KK-08",170,7.5,10.5882,32.3529,41,652.4,.2411765,4145.836,22.66667,11.912,1.764706,660.3,644.5
196,73700,"Shasta","Mountain Union Elementary","KK-08",164,8.5,33.5366,65.8537,36,652.4,.2195122,7542.038,19.29412,13.386,0,655.2,649.6
197,63784,"Kern","South Fork Union Elementary","KK-08",382,22,29.2383,59.2138,75,652.5,.1963351,5247.018,17.36364,11.554,0,653.1,651.9
198,68155,"San Diego","Jamul-Dulzura Union Elementary","KK-08",1221,61.6,4.3407,25.3071,250,652.85,.2047502,5169.815,19.82143,19.026,7.289107,656.8,648.9
199,69765,"Santa Cruz","Live Oak Elementary","KK-08",2214,108.35,12.8726,36.4499,213,653.1,.096206,5951.006,20.43378,16.407,17.028,656.1,650.1
200,67116,"Riverside","Menifee Union Elementary","KK-08",4523,215,5.7519,29.1987,409,653.4,.0904267,4746.572,21.03721,14.058,10.43555,653.7,653.1
201,63552,"Kern","Lakeside Union Elementary","KK-08",793,39.8,4.4136,30.7692,49,653.5,.0617907,4944.092,19.92462,19.068,2.269861,652.4,654.6
202,69724,"Santa Clara","Whisman Elementary","KK-08",1678,88.27,5.4827,38.2002,254,653.55,.1513707,6306.487,19.00986,20.77,28.24791,655.6,651.5
203,63180,"Imperial","McCabe Union Elementary","KK-08",536,22.5,5.597,28.1716,35,653.55,.0652985,4260.307,23.82222,10.264,8.768657,653.4,653.7
204,68551,"San Joaquin","Lammersville Elementary","KK-08",307,15.85,5.5375,28.6645,36,653.7,.1172638,4718.163,19.36909,14.578,7.491857,654.1,653.3
205,71563,"Tehama","Lassen View Union Elementary","KK-08",347,17.5,18.4438,53.6023,56,653.8,.1613833,4751.3,19.82857,10.202,9.798271,655.5,652.1
206,62927,"Humboldt","Loleta Union Elementary","KK-08",168,11.01,29.1667,63.6905,30,653.85,.1785714,5653.454,15.25885,12.502,12.5,655.9,651.8
207,70045,"Shasta","Junction Elementary","KK-08",532,31,10.5066,29.6435,81,653.95,.1522556,5920.253,17.16129,13.906,0,656.6,651.3
208,64931,"Los Angeles","Rosemead Elementary","KK-08",3272,150,24.022,76.7726,374,654.1,.1143032,4825.591,21.81333,9.986,31.20415,651.4,656.8
209,66332,"Nevada","Grass Valley Elementary","KK-08",2045,107.21,12.1271,40.9291,268,654.2,.1310513,5532.582,19.07471,13.712,1.369193,657.8,650.6
210,71829,"Tulare","Buena Vista Elementary","KK-08",156,6.05,10.4294,47.8528,7,654.2,.0448718,3926.07,25.78512,10.098,9.615385,659.8,648.6
211,63545,"Kern","Kernville Union Elementary","KK-08",1129,61.99,34.1895,62.2675,164,654.3,.1452613,5805.637,18.21261,11.291,0,655.1,653.5
212,67348,"Sacramento","Galt Joint Union Elementary","KK-08",3669,201.97,11.3589,41.0546,500,654.6,.1362769,4899.24,18.16606,13.225,24.25729,652.7,656.5
213,67553,"San Benito","Southside Elementary","KK-08",157,9.25,1.8987,10.1266,19,654.85,.1210191,4884.862,16.97297,13.63,9.55414,654.2,655.5
214,68189,"San Diego","Lakeside Union Elementary","KK-08",4928,229.2,8.542,25.8885,618,654.85,.1254058,5139.938,21.50087,14.623,5.925324,653.5,656.2
215,71423,"Sutter","Nuestro Elementary","KK-08",103,5,5.8252,23.301,13,654.9,.1262136,5249.365,20.6,8.776,.9708738,662.2,647.6
216,61994,"Fresno","Alvina Elementary","KK-08",175,10.3,14.8571,70.2857,17,655.05,.0971429,5399.07,16.99029,10.338,18.28571,650,660.1
217,61762,"Contra Costa","Oakley Union Elementary","KK-08",4153,199.86,7.5269,23.4409,241,655.05,.0580303,4965.29,20.77954,16.323,4.984349,657.4,652.7
218,70268,"Siskiyou","Etna Union Elementary","KK-06",280,18.05,8.6957,56.5217,67,655.05,.2392857,6210.323,15.51247,10.65633,4.285715,660.4,649.7
219,68544,"San Joaquin","Jefferson Elementary","KK-08",865,43.5,3.0842,12.5741,96,655.2,.1109827,4797.503,19.88506,14.578,3.352601,660.8,649.6
220,69377,"Santa Clara","Berryessa Union Elementary","KK-08",8735,408.2,7.4966,21.3434,1120,655.3,.1282198,5397.162,21.39882,18.6306,32.7075,655.4,655.2
221,63958,"Kings","Kit Carson Union Elementary","KK-08",412,20.1,8.7379,60.9223,72,655.35,.1747573,5078.5,20.49751,11.116,9.46602,653,657.7
222,71290,"Stanislaus","Sylvan Union Elementary","KK-08",6373,329.12,12.6785,36.89,624,655.35,.0979131,4733.747,19.36376,14.59767,6.260787,657.6,653.1
223,68635,"San Joaquin","Oak View Union Elementary","KK-08",332,18.8,9.0361,34.0361,73,655.4,.2198795,4963.06,17.65957,15.493,13.25301,653.2,657.6
224,66787,"Placer","Auburn Union Elementary","KK-08",2903,138.12,11.1264,34.4471,192,655.55,.0661385,5431.177,21.01796,16.272,3.169135,662,649.1
225,67504,"San Benito","North County Joint Union Elementary","KK-08",565,29.65,6.7257,36.6372,60,655.7,.1061947,5382.089,19.05565,13.63,16.99115,651.6,659.8
226,61945,"El Dorado","Pioneer Union Elementary","KK-08",586,26,7.5085,37.884,78,655.8,.1331058,5724.442,22.53846,12.394,.8532423,662,649.6
227,67645,"San Bernardino","Central Elementary","KK-08",5068,240.1,7.0639,34.2344,626,655.85,.1235201,4843.427,21.10787,15.331,6.649566,655.9,655.8
228,70094,"Shasta","Pacheco Union Elementary","KK-08",859,42.84,16.4144,40.163,118,656.4,.137369,5730.349,20.05135,12.666,.1164144,654.1,658.7
229,66316,"Nevada","Chicago Park Elementary","KK-08",145,10.21,8.2759,20,20,656.5,.137931,5635.786,14.20176,13.712,0,657.8,655.2
230,68874,"San Mateo","Brisbane Elementary","KK-08",649,35.125,3.8521,19.5686,155,656.55,.238829,5671.657,18.47687,17.78033,6.933744,658.7,654.4
231,63883,"Kings","Central Union Elementary","KK-08",1789,96,2.9625,56.0089,435,656.65,.2431526,7070.633,18.63542,10.55667,9.558413,655.4,657.9
232,70011,"Shasta","Happy Valley Union Elementary","KK-08",775,37,24.9032,61.4194,50,656.7,.0645161,5097.343,20.94595,10.523,.9032258,661.5,651.9
233,61572,"Calaveras","Mark Twain Union Elementary","KK-08",777,36.85,12.9887,39.8487,148,656.8,.1904762,5482.677,21.08548,13.243,1.158301,663.4,650.2
234,65458,"Marin","San Rafael City Elementary","KK-08",3518,188.2,9.7708,49.4269,419,656.8,.1191018,5642.832,18.69288,22.473,40.10802,656.7,656.9
235,67991,"San Diego","Cajon Valley Union Elementary","KK-08",19294,924.57,18.9319,50.9708,2401,657,.1244428,5280.023,20.86808,15.68465,16.66321,657.6,656.4
236,69393,"Santa Clara","Campbell Union Elementary","KK-08",7661,386.42,7.8058,32.1368,1158,657,.1511552,5433.34,19.82558,23.48375,21.95536,657.3,656.7
237,71365,"Sutter","Browns Elementary","KK-08",158,8,6.3291,25.3165,34,657.15,.2151899,4529.284,19.75,11.649,8.86076,661,653.3
238,66324,"Nevada","Clear Creek Elementary","KK-08",117,6,8.4034,36.1345,42,657.4,.3589744,6039.986,19.5,16.356,.8547009,664.9,649.9
239,63057,"Humboldt","Trinidad Union Elementary","KK-08",160,8.7,16.092,36.7816,37,657.5,.23125,6168.229,18.3908,14.074,0,672.8,642.2
240,70722,"Sonoma","Guerneville Elementary","KK-08",511,27.2,27.4854,51.8519,30,657.55,.0587084,5774.97,18.78676,13.437,3.913894,664.2,650.9
241,69013,"San Mateo","San Bruno Park Elementary","KK-08",2770,140.11,3.6101,25.5596,296,657.65,.1068592,4806.762,19.77018,18.338,11.94946,659.7,655.6
242,71472,"Tehama","Antelope Elementary","KK-08",551,28.5,15.2344,51.5625,46,657.75,.0834846,4840.936,19.33333,11.426,3.99274,660.2,655.3
243,66472,"Orange","Centralia Elementary","KK-06",5205,242.5,8.3189,37.2911,474,657.8,.0910663,4954.466,21.46392,15.74992,22.93948,655.1,660.5
244,67702,"San Bernardino","Etiwanda Elementary","KK-08",6437,278.84,2.5167,17.1508,622,657.9,.0966289,4023.532,23.08492,15.779,2.48563,658.5,657.3
245,65169,"Los Angeles","Wiseburn Elementary","KK-08",1712,81.28,5.3738,32.6519,122,658,.0712617,5179.411,21.06299,14.062,9.871495,657,659
246,63024,"Humboldt","Scotia Union Elementary","KK-08",370,19.8,6.5041,36.3144,56,658.35,.1513513,4385.229,18.68687,12.174,.5405406,664,652.7
247,67785,"San Bernardino","Mountain View Elementary","KK-08",3182,153.2,3.5305,26.9433,328,658.6,.1030798,4777.513,20.77024,12.9,8.956632,654.7,662.5
248,68791,"San Luis Obispo","Pleasant Valley Joint Union Elementary","KK-06",139,7.2,.7194,29.4964,32,658.8,.2302158,4862.791,19.30556,10.971,6.47482,661.3,656.3
249,69625,"Santa Clara","Oak Grove Elementary","KK-08",11855,588.84,9.0158,32.7655,1507,659.05,.1271194,5486.03,20.1328,17.4352,20.72543,654.9,663.2
250,61960,"El Dorado","Pollock Pines Elementary","KK-08",1068,51.67,12.8277,36.7978,129,659.15,.1207865,5486.382,20.66964,14.76,.1872659,662.1,656.2
251,64345,"Los Angeles","Castaic Union Elementary","KK-08",2295,103,4.0395,31.3709,224,659.35,.0976035,4631.244,22.28155,14.603,13.98693,658.3,660.4
252,63255,"Inyo","Bishop Union Elementary","KK-08",1510,73.3,10.2598,37.1086,141,659.4,.0933775,5189.628,20.60027,13.52233,8.741721,662.8,656
253,69138,"Santa Barbara","Buellton Union Elementary","KK-08",579,27.8,1.5,31.5,60,659.4,.1036269,4600.606,20.82734,16.669,20.03454,660,658.8
254,75135,"Madera","Chawanakee Jt. Elementary","KK-08",1012,52.64,10.4847,33.6301,140,659.8,.1383399,6735.775,19.22492,13.52225,1.383399,660.8,658.8
255,70508,"Siskiyou","Yreka Union Elementary","KK-08",1212,68.65,18.2972,47.1247,107,659.9,.0882838,5475.173,17.65477,12.518,2.062706,660.4,659.4
256,70599,"Sonoma","Alexander Valley Union Elementary","KK-06",119,7,4,33.6,23,660.05,.1932773,5990.794,17,18.326,28.57143,661.7,658.4
257,66415,"Nevada","Twin Ridges Elementary","KK-08",590,35.7625,7.7966,30.678,78,660.1,.1322034,7203.247,16.49773,11.466,.1694915,673.1,647.1
258,72173,"Tulare","Sundale Union Elementary","KK-08",546,27.6,13.9194,54.7619,60,660.2,.1098901,4777.769,19.78261,10.098,13.73626,659.8,660.6
259,72207,"Tulare","Three Rivers Union Elementary","KK-08",248,11.12,7.4627,21.2687,51,660.3,.2056452,4302.835,22.30216,15.365,0,667.8,652.8
260,72348,"Tuolumne","Columbia Union Elementary","KK-08",461,26,14.4708,48.8121,150,660.75,.3253796,5630.195,17.73077,10.31133,.2169197,666.9,654.6
261,65102,"Los Angeles","Westside Union Elementary","KK-08",6312,308.68,9.8379,22.693,496,660.95,.0785805,4708.625,20.44836,16.98663,3.121039,662.1,659.8
262,65649,"Merced","Ballico-Cressey Elementary","KK-08",285,13.99,7.2414,66.2069,62,661.35,.2175439,5629.961,20.37169,9.612,47.36842,661.1,661.6
263,68973,"San Mateo","Millbrae Elementary","KK-08",2325,115.3,2.8817,15.6559,302,661.45,.1298925,4890.987,20.16479,21.1105,22.70968,662,660.9
264,69435,"Santa Clara","Evergreen Elementary","KK-08",11885,549.84,10.1977,30.4417,1790,661.6,.15061,4929.393,21.61538,16.47331,29.12074,659.1,664.1
265,70730,"Sonoma","Harmony Union Elementary","KK-08",564,27.43,6.8966,21.3793,46,661.6,.0815603,4905.221,20.56143,18.369,4.432624,672.4,650.8
266,63362,"Kern","Panama Buena Vista Union Elementary","KK-08",12380,620.38,12.2952,31.0189,1671,661.85,.1349758,5156.857,19.95551,16.65411,4.814217,660.1,663.6
267,68932,"San Mateo","Laguna Salada Union Elementary","KK-08",3772,178.06,3.372,18.3878,529,661.85,.1402439,4941.788,21.18387,18.54422,5.249205,665.4,658.3
268,72371,"Tuolumne","Sonora Elementary","KK-08",895,47.58,17.5532,42.4468,70,661.85,.0782123,5408.782,18.81042,14.18,1.899441,662.7,661
269,66910,"Placer","Roseville City Elementary","KK-08",5714,277.67,10.5343,30.0691,489,661.9,.0855793,4981.388,20.57838,18.02955,8.662933,664.3,659.5
270,71084,"Stanislaus","Gratton Elementary","KK-08",105,5.73,0,0,16,661.9,.152381,4877.086,18.32461,13.586,10.47619,662.5,661.3
271,64196,"Lassen","Susanville Elementary","KK-08",1449,76.99,16.5279,42.6009,125,661.95,.0862664,5111.739,18.82063,12.64,1.242236,660.4,663.5
272,69872,"Shasta","Bella Vista Elementary","KK-08",510,24.5,20.3922,45.8824,95,662.4,.1862745,5201.516,20.81633,11.103,0,663.1,661.7
273,71852,"Tulare","Columbine Elementary","KK-08",160,8,11.25,56.875,39,662.4,.24375,4138.306,20,7.5,9.375,651.4,673.4
274,64626,"Los Angeles","Hughes-Elizabeth Lakes Union Elementary","KK-08",433,22,9.3361,25.1037,50,662.45,.1154734,5743.597,19.68182,15.506,1.385681,665.4,659.5
275,69591,"Santa Clara","Mountain View Elementary","KK-08",3186,164.31,5.4539,44.3907,411,662.5,.1290019,5702.705,19.39018,22.8414,35.34212,663.5,661.5
276,65045,"Los Angeles","Sulphur Springs Union Elementary","KK-06",5010,239.4,5.2989,27.3545,576,662.55,.1149701,4802.153,20.92732,19.82313,9.640718,661.7,663.4
277,70680,"Sonoma","Forestville Union Elementary","KK-08",717,35.95,8.8889,24.7222,100,662.55,.13947,5442.143,19.94437,16.347,2.23152,669.4,655.7
278,63750,"Kern","Rosedale Union Elementary","KK-08",3548,170.65,3.26,14.8509,335,662.65,.0944194,4522.375,20.79109,16.293,.3664036,658.3,667
279,69948,"Shasta","Columbia Elementary","KK-08",868,45.2,16.5899,29.8387,78,662.7,.0898618,4965.808,19.20354,13.248,.5760369,662.4,663
280,66795,"Placer","Colfax Elementary","KK-08",507,26.65,13.2039,37.0874,60,662.75,.1183432,5358.326,19.02439,14.01,0,667.1,658.4
281,70425,"Siskiyou","Mt. Shasta Union Elementary","KK-08",822,46.65,8.0738,25.6055,105,662.9,.1277372,5784.625,17.62058,14.163,.8515815,668.3,657.5
282,70870,"Sonoma","Piner-Olivet Union Elementary","KK-06",1792,88.55,3.125,20.9263,143,663.35,.0797991,5072.705,20.23715,15.771,5.524554,667.4,659.3
283,65185,"Madera","Bass Lake Joint Elementary","KK-08",1202,62.3,12.0769,35.8462,190,663.45,.1580699,5556.041,19.29374,14.48333,0,664.3,662.6
284,62745,"Humboldt","Cutten Elementary","KK-06",515,27.35,16.1165,26.2136,58,663.5,.1126214,5190.31,18.82998,14.209,0,660.2,666.8
285,61952,"El Dorado","Placerville Union Elementary","KK-08",1354,66.57,12.0384,36.4845,263,663.85,.1942393,5211.485,20.33949,15.167,2.437223,666.4,661.3
286,71035,"Sonoma","Wright Elementary","KK-06",1252,65.11,9.4512,43.2165,113,663.85,.0902556,5284.164,19.229,12.58425,20.76677,659.4,668.3
287,71522,"Tehama","Evergreen Union Elementary","KK-08",823,46,13.8518,55.2855,127,663.9,.1543135,5331.921,17.8913,10.551,2.18712,657.7,670.1
288,70847,"Sonoma","Old Adobe Union Elementary","KK-06",2231,114.3,2.9161,13.3692,258,664,.1156432,5599.608,19.51881,16.956,13.62618,666.2,661.8
289,71019,"Sonoma","Wilmar Union Elementary","KK-06",271,14.2,4.4674,25.4296,81,664,.298893,4881.899,19.08451,17.709,13.28413,668.7,659.3
290,66761,"Placer","Ackerman Elementary","KK-08",309,15.5,4.2071,32.6861,85,664.15,.2750809,4700.432,19.93548,16.272,1.941748,671.3,657
291,69815,"Santa Cruz","Santa Cruz City Elementary","KK-06",3005,159.22,8.619,33.8103,308,664.15,.1024958,5650,18.87326,17.9008,23.06157,666.7,661.6
292,62679,"Humboldt","Arcata Elementary","KK-08",966,47.96,20.9581,47.3054,114,664.3,.1180124,5318.241,20.14178,11.834,.621118,674,654.6
293,67595,"San Bernardino","Alta Loma Elementary","KK-08",7710,327.3,4.4722,15.9299,814,664.4,.1055772,4709.054,23.55637,18.6202,3.255512,663.4,665.4
294,66837,"Placer","Foresthill Union Elementary","KK-08",762,35.5,10.8108,30.3732,54,664.45,.0708661,5143.19,21.46479,12.431,0,663.1,665.8
295,61929,"El Dorado","Mother Lode Union Elementary","KK-08",1708,89,8.4895,29.0398,206,664.7,.1206089,5133.01,19.19101,15.167,2.224824,665.5,663.9
296,66613,"Orange","Ocean View Elementary","KK-08",9850,489.3,3.335,30.6437,1113,664.75,.1129949,5081.456,20.1308,20.87575,18.55838,663.7,665.8
297,62596,"Glenn","Lake Elementary","KK-08",129,5,9.3023,50.3876,10,664.95,.0775194,4016.416,25.8,10.639,6.20155,667.6,662.3
298,69039,"San Mateo","San Mateo-Foster City Elementary","KK-08",10619,565.51,2.5384,28.3766,1150,664.95,.1082964,5374.05,18.77774,25.02962,18.45748,665.9,664
299,69195,"Santa Barbara","Goleta Union Elementary","KK-06",4521,236.58,3.7052,31.0828,494,665.1,.1092679,5427.549,19.10982,16.7578,32.07255,666.8,663.4
300,67736,"San Bernardino","Helendale Elementary","KK-08",580,29.44,11.8966,30.1724,114,665.2,.1965517,5179.645,19.70109,15.297,3.965517,656.2,674.2
301,70854,"Sonoma","Petaluma City Elementary","KK-06",2569,138,5.4864,24.7471,326,665.35,.1268976,5400,18.61594,17.36945,15.33671,669.8,660.9
302,69690,"Santa Clara","Sunnyvale Elementary","KK-08",6022,286.8,6.395,36.0007,756,665.65,.1255397,5726.146,20.99721,22.096,27.66523,663.9,667.4
303,69179,"Santa Barbara","College Elementary","KK-08",670,33.5,.4161,13.8696,47,665.9,.0701493,5003.87,20,22.842,12.53731,670.3,661.5
304,68197,"San Diego","La Mesa-Spring Valley","KK-08",14708,700.94,13.5301,45.7234,1962,665.95,.1333968,4969.511,20.98325,18.31988,12.68017,664.5,667.4
305,66530,"Orange","Huntington Beach City Elementary","KK-08",6601,305,1.1968,15.0886,706,666,.1069535,4747.296,21.64262,25.03,6.908044,668,664
306,69336,"Santa Barbara","Solvang Elementary","KK-08",675,33.7,0,31.8519,87,666.05,.1288889,4543.305,20.02967,21.957,14.96296,668.7,663.4
307,69849,"Santa Cruz","Soquel Elementary","KK-08",2458,124.07,6.0187,24.6035,193,666.1,.0785191,5229.591,19.8114,18.79683,11.26933,666.9,665.3
308,62554,"Glenn","Capay Joint Union Elementary","KK-08",144,8,4.1667,44.4444,14,666.15,.0972222,4507.353,18,10.639,9.722222,671.9,660.4
309,70714,"Sonoma","Gravenstein Union Elementary","KK-08",573,29.6,6.993,15.2098,48,666.15,.0837696,5302.628,19.35811,17.508,3.315881,671,661.3
310,66381,"Nevada","Pleasant Valley Elementary","KK-08",721,35.73,1.8494,18.4941,82,666.45,.1137309,5545.61,20.17912,18.593,.6934813,668.8,664.1
311,63990,"Kings","Pioneer Union Elementary","KK-08",992,46.97,3.7298,22.8831,160,666.55,.1612903,4615.909,21.11986,11.116,5.141129,671.2,661.9
312,68361,"San Diego","Santee Elementary","KK-08",8432,360.5,6.3923,22.9839,0,666.6,0,5397.689,23.38974,14.09767,4.969165,663.7,669.5
313,64113,"Lassen","Johnstonville Elementary","KK-08",244,11,15.5738,40.1639,15,666.65,.0614754,5118.373,22.18182,12.64,6.967213,672.1,661.2
314,72553,"Ventura","Pleasant Valley Elementary","KK-08",7116,356.82,2.599,13.2762,785,666.65,.1103148,5008.071,19.94283,20.93643,7.996065,667.5,665.8
315,72355,"Tuolumne","Curtis Creek Elementary","KK-08",830,46.66,10.4119,32.6087,95,666.7,.1144578,4906.03,17.78826,14.18,.4819277,662.1,671.3
316,70300,"Siskiyou","Fort Jones Union Elementary","KK-06",160,10.88,13.3758,53.5032,38,666.85,.2375,6870.346,14.70588,11.826,2.5,666.9,666.8
317,70805,"Sonoma","Mark West Union Elementary","KK-06",1588,83.4,6.7985,20.581,220,666.85,.138539,5301.716,19.04077,18.671,3.84131,671.3,662.4
318,67967,"San Diego","Alpine Union Elementary","KK-08",2272,108.75,4.0493,16.0651,307,667.15,.1351232,5182.366,20.89195,17.332,1.320423,667.7,666.6
319,70938,"Sonoma","Sebastopol Union Elementary","KK-08",1425,71.83,5.0926,19.8302,65,667.2,.045614,4999.469,19.83851,17.508,4.912281,669.8,664.6
320,62828,"Humboldt","Freshwater Elementary","KK-06",245,12.55,8.9796,13.0612,30,667.45,.122449,6732.066,19.52191,15.572,0,672.2,662.7
321,63693,"Kern","Norris Elementary","KK-08",1349,65.2125,2.0015,8.6731,259,667.45,.1919941,4612.99,20.68622,15.56725,.222387,667,667.9
322,72132,"Tulare","Springville Union Elementary","KK-08",400,22,13.8009,29.8643,65,667.6,.1625,5478.846,18.18182,15.752,0,669.2,666
323,69575,"Santa Clara","Moreland Elementary","KK-08",4632,245.18,7.037,23.642,637,668,.1375216,5666.714,18.89224,20.47,17.85406,669.4,666.6
324,63610,"Kern","Maple Elementary","KK-08",224,9,5.3571,35.2679,15,668.1,.0669643,4742.514,24.88889,9.709,4.464286,660.5,675.7
325,63941,"Kings","Kings River-Hardwick Union Elementary","KK-08",576,31,3.9931,28.125,92,668.4,.1597222,4907.393,18.58064,11.116,9.548612,665.8,671
326,68163,"San Diego","Julian Union Elementary","KK-08",451,25,8.6475,11.7517,75,668.6,.1662971,5700.402,18.04,16.321,3.991131,672.7,664.5
327,68007,"San Diego","Cardiff Elementary","KK-06",900,50.75,2.1018,24.3363,145,668.65,.1611111,5191.834,17.73399,21.967,20.66667,668.8,668.5
328,72108,"Tulare","Saucelito Elementary","KK-08",118,5.5,8.3333,51.6667,10,668.8,.0847458,4451.257,21.45455,8.934,7.627119,668.5,669.1
329,67975,"San Diego","Bonsall Union Elementary","KK-08",1457,73.13,5.9823,42.964,0,668.9,0,5627.528,19.92343,19.997,27.45367,666.2,671.6
330,66480,"Orange","Cypress Elementary","KK-06",4734,232.75,2.6078,19.3725,586,668.95,.1237854,4922.94,20.33942,18.82723,10.85763,665.5,672.4
331,64766,"Los Angeles","Lowell Joint Elementary","KK-08",3303,146.5,4.6624,16.9543,379,669.1,.1147442,4969.381,22.54608,18.11867,5.025734,666.1,672.1
332,64832,"Los Angeles","Newhall Elementary","KK-06",6055,286.92,5.6134,30.0851,540,669.3,.0891825,4829.717,21.10344,23.66738,14.23617,668.9,669.7
333,65359,"Marin","Lagunitas Elementary","KK-08",424,23.3,3.5377,15.3302,39,669.3,.0919811,6716.693,18.19743,22.139,.2358491,680.9,657.7
334,69385,"Santa Clara","Cambrian Elementary","KK-08",2801,139.3,5.0339,23.0989,615,669.35,.2195644,5205.942,20.10768,20.546,2.070689,673.3,665.4
335,71654,"Tehama","Richfield Elementary","KK-08",187,9.76,17.5532,44.6809,37,669.35,.197861,4357.826,19.15984,9.485,8.556149,664.6,674.1
336,62794,"Humboldt","Fieldbrook Elementary","KK-08",129,6.6,13.9535,27.1318,17,669.8,.1317829,5195.919,19.54545,11.834,0,670.1,669.5
337,68049,"San Diego","Dehesa Elementary","KK-06",188,9,6.383,36.7021,41,669.85,.2180851,6002.072,20.88889,18.799,4.787234,673.2,666.5
338,69955,"Shasta","Cottonwood Union Elementary","KK-08",1212,65.9,22.1947,46.1221,116,669.95,.0957096,5090.588,18.3915,10.551,3.960396,669.2,670.7
339,63479,"Kern","Fruitvale Elementary","KK-08",2596,135.35,3.0046,19.53,249,670,.0959168,5112.39,19.1799,15.519,1.579353,669.2,670.8
340,69708,"Santa Clara","Union Elementary","KK-08",4925,253.896,3.8211,12.1748,753,670.7,.1528934,5287.355,19.39771,21.63173,3.593909,672.8,668.6
341,66498,"Orange","Fountain Valley Elementary","KK-08",6257,288.63,2.1635,15.5128,930,671.25,.1486335,4889.48,21.67827,21.09575,8.726227,671.2,671.3
342,61879,"El Dorado","Gold Oak Union Elementary","KK-08",868,45,4.7235,19.0092,122,671.3,.140553,5118.13,19.28889,15.167,0,674.6,668
343,61838,"El Dorado","Buckeye Union Elementary","KK-08",3787,186.1,3.248,8.3443,934,671.6,.2466332,5119.123,20.34927,19.117,.2640613,674.9,668.3
344,75085,"Placer","Rocklin Unified","KK-08",6423,306.38,2.9299,14.266,855,671.6,.1331154,4792.211,20.96416,17.62,1.447922,671.4,671.8
345,61887,"El Dorado","Gold Trail Union Elementary","KK-08",678,34.84,2.5074,15.9292,47,671.65,.0693215,5450.104,19.46039,15.167,.1474926,677.6,665.7
346,62885,"Humboldt","Hydesville Elementary","KK-08",162,8.4,16.9591,33.9181,23,671.7,.1419753,5210.725,19.28572,10.643,0,679.8,663.6
347,64998,"Los Angeles","Saugus Union Elementary","KK-06",8529,407.7,2.1925,11.7013,834,671.75,.097784,4715.446,20.91979,20.73906,3.705006,668.9,674.6
348,66845,"Placer","Loomis Union Elementary","KK-08",1862,89.09,2.8297,21.0892,231,671.9,.1240602,4632.068,20.90021,21.566,.2685285,673.1,670.7
349,66886,"Placer","Placer Hills Union Elementary","KK-08",1452,70.5,2.426,10.4142,183,671.9,.1260331,5028.562,20.59575,17.656,0,679.6,664.2
350,70672,"Sonoma","Dunham Elementary","KK-06",155,8,.6452,12.2581,32,671.95,.2064516,5695.467,19.375,17.709,4.516129,672.3,671.6
351,69021,"San Mateo","San Carlos Elementary","KK-08",2536,127.11,2.0328,2.0328,343,672.05,.1352524,4504.295,19.95122,27.816,2.444795,676.1,668
352,66399,"Nevada","Ready Springs Union Elementary","KK-08",567,30.08,4.8951,29.021,103,672.05,.1816579,5156.437,18.84973,18.593,0,673.9,670.2
353,65219,"Madera","Coarsegold Union Elementary","KK-08",953,52.6,7.9876,33.9212,135,672.3,.1416579,5433.514,18.11787,14.263,0,668.1,676.5
354,68726,"San Luis Obispo","Cayucos Elementary","KK-08",296,15.43,5.5921,25.9868,42,672.35,.1418919,5254.632,19.18341,22.758,5.405406,674.6,670.1
355,64170,"Lassen","Richmond Elementary","KK-08",198,9,2.451,12.7451,24,672.45,.1212121,4593.197,22,12.64,0,672.7,672.2
356,62109,"Fresno","Clay Joint Elementary","KK-08",218,10.1,2.2422,25.1121,49,672.55,.2247706,4320.679,21.58416,11.238,6.422018,669.4,675.7
357,70995,"Sonoma","Waugh Elementary","KK-06",734,36,2.0243,12.8205,117,672.7,.1594005,4920.777,20.38889,16.956,6.539509,676.1,669.3
358,70979,"Sonoma","Two Rock Union Elementary","KK-06",189,11.6,2.0725,32.1244,50,673.05,.2645503,6905.869,16.2931,17.709,14.28572,679.1,667
359,68866,"San Mateo","Belmont-Redwood Shores Elementary","KK-08",2528,138.31,1.3421,2.4456,482,673.25,.1906646,5729.904,18.27778,25.622,3.678797,675,671.5
360,61978,"El Dorado","Rescue Union Elementary","KK-08",2987,154.17,2.0422,11.1818,290,673.3,.0970874,4825.202,19.37472,18.726,.5021761,676.1,670.5
361,66779,"Placer","Alta-Dutch Flat Union Elementary","KK-08",208,11,9.3897,32.8638,21,673.55,.1009615,5388.17,18.90909,13.443,0,680.5,666.6
362,68353,"San Diego","San Pasqual Union Elementary","KK-08",379,23.1,2.9024,22.1636,29,673.55,.0765171,5133.827,16.40693,15.18,22.69129,670.5,676.6
363,61911,"El Dorado","Latrobe Elementary","KK-08",145,9.3,6.2069,0,27,673.9,.1862069,5346.156,15.5914,19.117,0,670.5,677.3
364,66407,"Nevada","Union Hill Elementary","KK-08",706,37.74,2.5937,23.0548,103,674.25,.1458924,4789.309,18.70694,13.712,.1416431,676,672.5
365,70961,"Sonoma","Twin Hills Union Elementary","KK-08",878,47.9,1.375,15.75,105,675.4,.11959,5329.782,18.32985,17.508,2.733485,681,669.8
366,62976,"Humboldt","Pacific Union Elementary","KK-08",594,33.18,12.2689,25.3782,75,675.7,.1262626,5371.173,17.90235,11.834,1.683502,683,668.4
367,71696,"Trinity","Douglas City Elementary","KK-08",139,7.35,20.8633,66.9065,40,676.15,.2877698,5771.384,18.91157,13.273,0,680.1,672.2
368,66373,"Nevada","Pleasant Ridge Union Elementary","KK-08",2089,102.78,2.5185,14.037,318,676.55,.1522259,4993.635,20.32497,16.356,.1436094,673.8,679.3
369,66852,"Placer","Newcastle Elementary","KK-08",326,16.28,4.2945,11.0429,42,676.6,.1288344,4854.038,20.02457,18.626,0,673.3,679.9
370,72470,"Ventura","Mesa Union Elementary","KK-08",516,21.5,.969,27.7132,50,676.85,.0968992,4392.68,24,23.733,11.04651,680.5,673.2
371,71787,"Trinity","Weaverville Elementary","KK-08",449,25.5,12.7273,48.4848,50,676.95,.1113586,5884.432,17.60784,12.934,0,672.8,681.1
372,70078,"Shasta","North Cow Creek Elementary","KK-08",297,15.35,2.3569,4.0404,70,677.25,.2356902,4273.993,19.34853,13.906,0,679,675.5
373,66340,"Nevada","Nevada City Elementary","KK-08",1579,80.24,5.5556,21.7803,165,677.95,.1044965,5146.784,19.67846,15.428,.0633312,678.5,677.4
374,62893,"Humboldt","Jacoby Creek Elementary","KK-08",383,20.45,6.0052,10.1828,49,678.05,.1279373,5351.523,18.72861,15.381,0,682.9,673.2
375,70698,"Sonoma","Fort Ross Elementary","KK-08",81,5.1,3.6145,0,14,678.4,.1728395,7667.572,15.88235,22.529,0,685.3,671.5
376,68080,"San Diego","Encinitas Union Elementary","KK-06",5259,262.23,2.3959,19.0911,701,678.8,.1332953,5281.709,20.05491,23.8061,15.0599,679,678.6
377,65318,"Marin","Dixie Elementary","KK-08",1960,108.96,1.9417,3.7302,223,679.4,.1137755,5368.503,17.98825,24.603,1.479592,684.1,674.7
378,69492,"Santa Clara","Lakeside Joint Elementary","KK-06",151,8.9,2.649,8.6093,31,679.5,.205298,6429.257,16.96629,36.174,2.649007,676.8,682.2
379,64600,"Los Angeles","Hermosa Beach City Elementary","KK-08",946,49.17,2.1784,6.5353,310,679.65,.3276955,5387.459,19.23937,33.455,1.479915,683.1,676.2
380,70896,"Sonoma","Rincon Valley Union Elementary","KK-06",2707,141.02,5.1396,19.2308,300,679.75,.1108238,5235.775,19.19586,20.48022,4.469893,678.7,680.8
381,66233,"Monterey","Washington Union Elementary","KK-08",919,46.89,1.0493,0,141,679.8,.1534276,4829.896,19.59906,20.134,.3264418,680.2,679.4
382,70623,"Sonoma","Bennett Valley Union Elementary","KK-06",945,46,4.2399,10.6515,216,680.05,.2285714,5088.708,20.54348,19.3465,2.539683,685.7,674.4
383,69500,"Santa Clara","Loma Prieta Joint Union Elemen","KK-08",738,39.702,0,.6775,220,680.45,.298103,5390.118,18.58848,36.174,.5420054,684.2,676.7
384,70789,"Sonoma","Kenwood Elementary","KK-06",164,10.51,2.3529,12.9412,35,681.3,.2134146,6588.431,15.60419,22.86333,11.58537,682.8,679.8
385,70797,"Sonoma","Liberty Elementary","KK-06",167,10.92,.5208,11.4583,29,681.3,.1736527,6196.695,15.29304,17.709,11.37724,680.8,681.8
386,71142,"Stanislaus","Knights Ferry Elementary","KK-08",125,7.08,4,14.4,25,681.6,.2,4645.413,17.65537,14.177,0,688.5,674.7
387,65334,"Marin","Kentfield Elementary","KK-08",1091,62.06,.5367,.5367,113,681.9,.1035747,6489.929,17.57976,41.093,1.374885,689.8,674
388,69104,"Santa Barbara","Ballard Elementary","KK-06",134,6,.7463,3.7313,27,682.15,.2014925,5094.959,22.33333,21.957,2.238806,681.8,682.5
389,70839,"Sonoma","Oak Grove Union Elementary","KK-08",600,32,2.6941,29.3185,55,682.45,.0916667,4841.958,18.75,16.064,5.333333,680,684.9
390,75002,"Marin","Ross Valley Elementary","KK-08",1803,99.6,1.9242,3.622,283,682.55,.1569606,6315.313,18.10241,25.737,2.773156,685.6,679.5
391,69773,"Santa Cruz","Mountain Elementary","KK-06",158,7.8,13.75,16.25,15,682.65,.0949367,5399.383,20.25641,20.474,0,687.3,678
392,68882,"San Mateo","Burlingame Elementary","KK-08",2392,127.22,1.4214,6.2709,439,683.35,.1835284,5429.474,18.80207,35.81,17.72575,682.4,684.3
393,70003,"Shasta","Grant Elementary","KK-08",526,28.02,3.9924,11.4068,33,683.4,.0627376,5644.286,18.7723,13.567,0,684.5,682.3
394,69757,"Santa Cruz","Happy Valley Elementary","KK-06",141,6.91,10.0719,9.3525,44,684.3,.3120568,6060.257,20.40521,20.089,0,680.4,688.2
395,69732,"Santa Cruz","Bonny Doon Union Elementary","KK-06",235,12.6,4.661,5.9322,30,684.35,.1276596,5319.554,18.65079,18.283,.4255319,688.5,680.2
396,61812,"Contra Costa","Walnut Creek Elementary","KK-08",3280,158.4,2.7523,7.8593,406,684.8,.1237805,4819.904,20.70707,25.23972,6.067073,682.2,687.4
397,69211,"Santa Barbara","Hope Elementary","KK-06",1254,57,1.5823,12.5,0,684.95,0,5208.226,22,25.063,10.12759,686.2,683.7
398,65367,"Marin","Larkspur Elementary","KK-08",948,53.56,1.7932,1.8987,155,686.05,.1635021,5859.965,17.69978,30.6285,3.375527,692.2,679.9
399,69419,"Santa Clara","Cupertino Union Elementary","KK-08",15228,708.83,1.7154,4.6909,2232,686.7,.1465721,4962.737,21.48329,27.47522,8.648542,683.1,690.3
400,69781,"Santa Cruz","Pacific Elementary","KK-06",81,4.85,13.253,20.4819,21,687.55,.2592593,7614.379,16.70103,30.84,12.34568,693.8,681.3
401,69526,"Santa Clara","Los Gatos Union Elementary","KK-08",2768,141.4,.4481,2.7921,540,689.1,.1950867,5566.468,19.57567,34.1595,1.589595,691.6,686.6
402,69252,"Santa Barbara","Montecito Union Elementary","KK-06",535,31,.08,.72,84,691.05,.1570093,7039.949,17.25806,43.23,1.495327,693.5,688.6
403,68387,"San Diego","Solana Beach Elementary","KK-06",2542,146.3,.8261,9.6774,404,691.35,.15893,6604.064,17.37526,27.94775,10.38552,687.7,695
404,68965,"San Mateo","Menlo Park City Elementary","KK-08",1940,111.82,.4124,3.9175,265,691.9,.1365979,6180.149,17.34931,49.939,6.13402,693.7,690.1
405,65425,"Marin","Reed Union Elementary","KK-08",1059,65.12,.8499,1.4164,272,693.95,.2568461,6460.657,16.26229,55.328,2.266289,695.9,692
406,65391,"Marin","Mill Valley Elementary","KK-08",2340,132.2,1.5812,2.4359,403,694.25,.1722222,6415.355,17.70045,35.481,2.478632,693.6,694.9
407,61713,"Contra Costa","Lafayette Elementary","KK-08",3469,172.34,0,.1734,496,694.8,.1429807,5230.877,20.12881,34.301,.8936293,697.9,691.7
408,68056,"San Diego","Del Mar Union Elementary","KK-06",2106,115.3,1.7094,2.6116,300,695.2,.1424501,5838.172,18.26539,38.62857,2.421652,695.1,695.3
409,69088,"San Mateo","Woodside Elementary","KK-08",478,32.87,0,0,112,695.3,.2343096,7711.507,14.54214,35.342,3.76569,701.3,689.3
410,61747,"Contra Costa","Moraga Elementary","KK-08",1885,98.42,.0506,.3033,241,696.55,.1278515,5592.765,19.15261,31.052,1.962865,697.4,695.7
411,61770,"Contra Costa","Orinda Union Elementary","KK-08",2422,139.47,0,.1239,466,698.2,.192403,5933.154,17.36574,40.264,.5780346,699.1,697.3
412,68908,"San Mateo","Hillsborough City Elementary","KK-08",1318,87.06,.1517,0,412,698.25,.3125948,7593.406,15.13898,35.81,2.807284,695.4,701.1
413,69161,"Santa Barbara","Cold Spring Elementary","KK-06",220,12.33,.4545,0,22,698.45,.1,6500.45,17.84266,43.23,1.363636,693.3,703.6
414,68981,"San Mateo","Portola Valley Elementary","KK-08",687,44.59,.3049,0,209,699.1,.3042212,7217.263,15.40704,50.677,1.164483,698.3,699.9
415,69682,"Santa Clara","Saratoga Union Elementary","KK-08",2341,124.09,.1709,.598,286,700.3,.12217,5392.639,18.86534,40.402,2.050406,698.9,701.7
416,68957,"San Mateo","Las Lomitas Elementary","KK-08",984,59.73,.1016,3.5569,195,704.3,.1981707,7290.339,16.47413,28.717,5.995935,700.9,707.7
417,69518,"Santa Clara","Los Altos Elementary","KK-08",3724,208.48,1.0741,1.5038,721,706.75,.193609,5741.463,17.86263,41.73411,4.726101,704,709.5
418,72611,"Ventura","Somis Union Elementary","KK-08",441,20.15,3.5635,37.1938,45,645,.1020408,4402.832,21.88586,23.733,24.26304,648.3,641.7
419,72744,"Yuba","Plumas Elementary","KK-08",101,5,11.8812,59.4059,14,672.2,.1386139,4776.336,20.2,9.952,2.970297,667.9,676.5
420,72751,"Yuba","Wheatland Elementary","KK-08",1778,93.4,6.9235,47.5712,313,655.75,.1760405,5993.393,19.0364,12.502,5.005624,660.5,651
