"datum";"daxret"
"16.7.2001";1,26044
"17.7.2001";0,12136
"18.7.2001";2,04395
"19.7.2001";-1,75328
"20.7.2001";1,13217
"23.7.2001";-0,4789
"24.7.2001";2,24313
"25.7.2001";1,43164
"26.7.2001";-1,65212
"27.7.2001";-1,38402
"30.7.2001";-0,64657
"31.7.2001";-1,18422
"1.8.2001";0,4439
"2.8.2001";0,99807
"3.8.2001";0,71918
"6.8.2001";-0,17697
"7.8.2001";-0,11254
"8.8.2001";2,4282
"9.8.2001";1,8376
"10.8.2001";1,43967
"13.8.2001";-0,37255
"14.8.2001";-1,21994
"15.8.2001";1,18932
"16.8.2001";1,72912
"17.8.2001";2,64187
"20.8.2001";0,27402
"21.8.2001";-0,15887
"22.8.2001";-0,07857
"23.8.2001";-0,64597
"24.8.2001";-2,50842
"27.8.2001";-0,35149
"28.8.2001";1,82343
"29.8.2001";0,07123
"30.8.2001";2,72482
"31.8.2001";-0,49794
"3.9.2001";1,8298
"4.9.2001";-2,21321
"5.9.2001";3,12071
"6.9.2001";3,4812
"7.9.2001";3,01292
"10.9.2001";1,28799
"11.9.2001";8,87467
"12.9.2001";-1,43276
"13.9.2001";-1,3108
"14.9.2001";6,49988
"17.9.2001";-2,84001
"18.9.2001";0,94195
"19.9.2001";3,71674
"20.9.2001";5,91476
"21.9.2001";0,59077
"24.9.2001";-6,42855
"25.9.2001";0,73486
"26.9.2001";-2,12731
"27.9.2001";-2,15424
"28.9.2001";-2,91214
"1.10.2001";1,59524
"2.10.2001";-1,50351
"3.10.2001";-3,03106
"4.10.2001";-2,48143
"5.10.2001";1,33781
"8.10.2001";-0,16609
"9.10.2001";0,50694
"10.10.2001";-3,09899
"11.10.2001";-2,25629
"12.10.2001";1,9978
"15.10.2001";1,67114
"16.10.2001";-1,70032
"17.10.2001";-0,39563
"18.10.2001";1,52836
"19.10.2001";1,33894
"22.10.2001";-2,3168
"23.10.2001";-1,82125
"24.10.2001";-2,26154
"25.10.2001";2,01992
"26.10.2001";-2,19517
"29.10.2001";3,37373
"30.10.2001";2,52873
"31.10.2001";-0,33285
"1.11.2001";-1,67482
"2.11.2001";1,14585
"5.11.2001";-3,67984
"6.11.2001";1,0031
"7.11.2001";-3,19854
"8.11.2001";-2,69769
"9.11.2001";1,68629
"12.11.2001";1,84375
"13.11.2001";-2,59246
"14.11.2001";-0,13252
"15.11.2001";-1,06027
"16.11.2001";-1,1185
"19.11.2001";-2,3901
"20.11.2001";1,72979
"21.11.2001";0,17971
"22.11.2001";-0,73466
"23.11.2001";-0,51443
"26.11.2001";0,71797
"27.11.2001";1,07238
"28.11.2001";2,87965
"29.11.2001";-0,40865
"30.11.2001";-1,08464
"3.12.2001";0,02946
"4.12.2001";-0,51088
"5.12.2001";-4,84217
"6.12.2001";-0,16214
"7.12.2001";1,3803
"10.12.2001";1,4404
"11.12.2001";-0,42391
"12.12.2001";1,64349
"13.12.2001";1,92475
"14.12.2001";1,14689
"17.12.2001";-3,17885
"18.12.2001";0,56096
"19.12.2001";1,09634
"20.12.2001";1,01928
"21.12.2001";-1,70543
"27.12.2001";-1,9361
"28.12.2001";-0,83622
"2.1.2002";-0,15066
"3.1.2002";-1,96228
"4.1.2002";-0,91492
"7.1.2002";1,63989
"8.1.2002";-0,07928
"9.1.2002";-0,98513
"10.1.2002";1,143
"11.1.2002";0,34757
"14.1.2002";2,80541
"15.1.2002";0,07504
"16.1.2002";1,54967
"17.1.2002";-2,94953
"18.1.2002";0,21783
"21.1.2002";1,03004
"22.1.2002";0,47492
"23.1.2002";-2,29833
"24.1.2002";-0,14342
"25.1.2002";0,26745
"28.1.2002";-0,04634
"29.1.2002";1,4546
"30.1.2002";0,63768
"31.1.2002";-1,09078
"1.2.2002";0,20677
"4.2.2002";2,23348
"5.2.2002";0,96219
"6.2.2002";2,7173
"7.2.2002";-1,20431
"8.2.2002";0,54998
"11.2.2002";-2,12877
"12.2.2002";1,12411
"13.2.2002";-1,02993
"14.2.2002";-0,77545
"15.2.2002";2,26048
"18.2.2002";-0,1882
"19.2.2002";2,23571
"20.2.2002";-0,33926
"21.2.2002";-1,46385
"22.2.2002";2,19156
"25.2.2002";-2,45529
"26.2.2002";-0,70093
"27.2.2002";-1,26742
"28.2.2002";-1,57734
"1.3.2002";-1,1509
"4.3.2002";-2,87028
"5.3.2002";0,32784
"6.3.2002";-1,07649
"7.3.2002";-0,07887
"8.3.2002";-1,31695
"11.3.2002";0,35289
"12.3.2002";1,22189
"13.3.2002";0,56682
"14.3.2002";-0,58691
"15.3.2002";-2,32714
"18.3.2002";-0,46051
"19.3.2002";-0,67061
"20.3.2002";1,80753
"21.3.2002";0,29907
"22.3.2002";-0,32572
"25.3.2002";0,91263
"26.3.2002";-1,36741
"27.3.2002";0,79322
"28.3.2002";-0,91743
"2.4.2002";1,61018
"3.4.2002";0,55207
"4.4.2002";0,5104
"5.4.2002";-0,10613
"8.4.2002";1,5363
"9.4.2002";0,19477
"10.4.2002";-1,82285
"11.4.2002";1,96395
"12.4.2002";-0,51562
"15.4.2002";-1,04564
"16.4.2002";-1,88293
"17.4.2002";0,47513
"18.4.2002";1,05223
"19.4.2002";-0,41091
"22.4.2002";1,50756
"23.4.2002";0,25737
"24.4.2002";0,61745
"25.4.2002";2,07026
"26.4.2002";1,07472
"29.4.2002";-0,15307
"30.4.2002";-0,65995
"2.5.2002";1,53195
"3.5.2002";1,6612
"6.5.2002";0,04302
"7.5.2002";0,16938
"8.5.2002";-3,15509
"9.5.2002";1,24283
"10.5.2002";1,92684
"13.5.2002";-2,10789
"14.5.2002";-1,46842
"15.5.2002";-0,46061
"16.5.2002";0,49289
"17.5.2002";0,21896
"20.5.2002";0,74576
"21.5.2002";0,28807
"22.5.2002";1,31483
"23.5.2002";0,81641
"24.5.2002";-0,40149
"27.5.2002";-1,26585
"28.5.2002";0,86963
"29.5.2002";0,75059
"30.5.2002";2,48547
"31.5.2002";-1,17618
"3.6.2002";1,47082
"4.6.2002";2,60658
"5.6.2002";0,032
"6.6.2002";-0,71559
"7.6.2002";1,02162
"10.6.2002";0,45481
"11.6.2002";-0,36605
"12.6.2002";2,10401
"13.6.2002";0,89196
"14.6.2002";3,79098
"17.6.2002";-3,90187
"18.6.2002";0,92604
"19.6.2002";1,7985
"20.6.2002";2,53813
"21.6.2002";0,31328
"24.6.2002";2,51676
"25.6.2002";-1,81898
"26.6.2002";2,50362
"27.6.2002";-3,83801
"28.6.2002";-2,84977
"1.7.2002";0,36003
"2.7.2002";3,9913
"3.7.2002";1,38709
"4.7.2002";-2,86963
"5.7.2002";-5,1354
"8.7.2002";0,91201
"9.7.2002";1,64709
"10.7.2002";4,19548
"11.7.2002";1,72642
"12.7.2002";-0,29821
"15.7.2002";5,4292
"16.7.2002";-1,65372
"17.7.2002";-2,85179
"18.7.2002";-0,19357
"19.7.2002";5,22776
"22.7.2002";5,28784
"23.7.2002";4,87383
"24.7.2002";-3,26895
"25.7.2002";3,13735
"26.7.2002";-1,64918
"29.7.2002";-7,55268
"30.7.2002";-0,49517
"31.7.2002";4,71913
"1.8.2002";2,56467
"2.8.2002";2,07209
"5.8.2002";5,82352
"6.8.2002";-6,84168
"7.8.2002";2,93161
"8.8.2002";-5,98432
"9.8.2002";-2,1936
"12.8.2002";3,07071
"13.8.2002";-0,98441
"14.8.2002";2,56547
"15.8.2002";-2,09003
"16.8.2002";-0,51562
"19.8.2002";-4,0679
"20.8.2002";1,81857
"21.8.2002";-2,61018
"22.8.2002";-0,98731
"23.8.2002";2,02442
"26.8.2002";1,1671
"27.8.2002";-1,76818
"28.8.2002";4,47369
"29.8.2002";0,59615
"30.8.2002";-1,41013
"2.9.2002";2,82797
"3.9.2002";6,0066
"4.9.2002";-0,78859
"5.9.2002";2,09989
"6.9.2002";-3,82978
"9.9.2002";1,63303
"10.9.2002";-1,89118
"11.9.2002";-2,54273
"12.9.2002";4,64848
"13.9.2002";1,78653
"16.9.2002";1,26433
"17.9.2002";0,90555
"18.9.2002";5,12144
"19.9.2002";3,83095
"20.9.2002";-1,91865
"23.9.2002";5,06732
"24.9.2002";1,41826
"25.9.2002";-3,06036
"26.9.2002";-1,9422
"27.9.2002";3,42487
"30.9.2002";5,27098
"1.10.2002";-3,41515
"2.10.2002";-2,12405
"3.10.2002";3,9531
"4.10.2002";3,57062
"7.10.2002";1,75515
"8.10.2002";1,71288
"9.10.2002";0,9276
"10.10.2002";-5,07737
"11.10.2002";-6,97855
"14.10.2002";2,78974
"15.10.2002";-6,72166
"16.10.2002";1,29897
"17.10.2002";-5,29228
"18.10.2002";0,27746
"21.10.2002";-3,69244
"22.10.2002";3,93612
"23.10.2002";4,55568
"24.10.2002";-2,44352
"25.10.2002";-0,3876
"28.10.2002";-3,07755
"29.10.2002";5,69036
"30.10.2002";-2,98542
"31.10.2002";-1,25304
"1.11.2002";-0,38968
"4.11.2002";-5,01499
"5.11.2002";-0,70008
"6.11.2002";1,57834
"7.11.2002";4,43732
"8.11.2002";2,45603
"11.11.2002";1,21024
"12.11.2002";-2,39767
"13.11.2002";1,60009
"14.11.2002";-3,90053
"15.11.2002";-0,10564
"18.11.2002";-0,82994
"19.11.2002";0,35578
"20.11.2002";-0,18879
"21.11.2002";-2,81225
"22.11.2002";-0,49053
"25.11.2002";0,65377
"26.11.2002";3,31604
"27.11.2002";-4,72757
"28.11.2002";-0,43597
"29.11.2002";1,2106
"2.12.2002";-1,78737
"3.12.2002";2,99421
"4.12.2002";-1,21979
"5.12.2002";2,93383
"6.12.2002";0,53512
"9.12.2002";4,52676
"10.12.2002";-3,28638
"11.12.2002";-0,88184
"12.12.2002";2,66886
"13.12.2002";1,12524
"16.12.2002";-4,0828
"17.12.2002";2,05893
"18.12.2002";3,80661
"19.12.2002";2,04817
"20.12.2002";-2,09877
"23.12.2002";0,7761
"27.12.2002";5,50882
"30.12.2002";-1,83621
"2.1.2003";-7,08605
"3.1.2003";0,39045
"6.1.2003";-2,05793
"7.1.2003";1,41884
"8.1.2003";3,92368
"9.1.2003";-1,48178
"10.1.2003";0,01152
"13.1.2003";-0,76485
"14.1.2003";-1,23618
"15.1.2003";1,60443
"16.1.2003";-0,15434
"17.1.2003";4,53088
"20.1.2003";0,86953
"21.1.2003";0,79735
"22.1.2003";2,37312
"23.1.2003";-0,28391
"24.1.2003";3,37885
"27.1.2003";2,76128
"28.1.2003";-1,03704
"29.1.2003";-1,30944
"30.1.2003";0,47367
"31.1.2003";-1,98661
"3.2.2003";-0,15128
"4.2.2003";4,4208
"5.2.2003";-3,4675
"6.2.2003";2,86091
"7.2.2003";3,05332
"10.2.2003";-0,6498
"11.2.2003";-1,56954
"12.2.2003";2,14503
"13.2.2003";0,62343
"14.2.2003";-4,55896
"17.2.2003";-1,2821
"18.2.2003";-1,14405
"19.2.2003";4,30615
"20.2.2003";1,28033
"21.2.2003";-2,19889
"24.2.2003";2,97021
"25.2.2003";3,39572
"26.2.2003";1,43042
"27.2.2003";-2,53951
"28.2.2003";-1,3371
"3.3.2003";-0,10203
"4.3.2003";1,92534
"5.3.2003";0,12042
"6.3.2003";2,45214
"7.3.2003";0,24029
"10.3.2003";4,3118
"11.3.2003";1,02453
"12.3.2003";4,54089
"13.3.2003";-6,64458
"14.3.2003";-2,05493
"17.3.2003";-3,43284
"18.3.2003";-3,84492
"19.3.2003";-1,17736
"20.3.2003";0,39731
"21.3.2003";-4,1439
"24.3.2003";6,33601
"25.3.2003";-3,38466
"26.3.2003";2,17709
"27.3.2003";-0,18283
"28.3.2003";2,47658
"31.3.2003";3,92267
"1.4.2003";-1,08001
"2.4.2003";-5,52413
"3.4.2003";0,75749
"4.4.2003";-3,22623
"7.4.2003";-5,67129
"8.4.2003";1,4758
"9.4.2003";1,22469
"10.4.2003";1,36252
"11.4.2003";-1,35703
"14.4.2003";-1,55445
"15.4.2003";-2,04395
"16.4.2003";0,33364
"17.4.2003";-2,62398
"22.4.2003";-2,08787
"23.4.2003";-0,45288
"24.4.2003";2,82254
"25.4.2003";1,86363
"28.4.2003";-3,99525
"29.4.2003";1,53375
"30.4.2003";-1,13076
"2.5.2003";-1,48315
"5.5.2003";-0,90148
"6.5.2003";-1,7734
"7.5.2003";2,01931
"8.5.2003";4,05913
"9.5.2003";-2,41374
"12.5.2003";0,65594
"13.5.2003";0,93413
"14.5.2003";-0,55107
"15.5.2003";-2,14195
"16.5.2003";0,01004
"19.5.2003";4,74081
"20.5.2003";0,41303
"21.5.2003";0,41227
"22.5.2003";-1,33371
"23.5.2003";1,49017
"26.5.2003";-0,19288
"27.5.2003";-1,58968
"28.5.2003";-1,58605
"29.5.2003";0,44042
"30.5.2003";-2,58004
"2.6.2003";-2,70818
"3.6.2003";1,23914
"4.6.2003";-1,74235
"5.6.2003";1,31575
"6.6.2003";-2,84426
"9.6.2003";1,05108
"10.6.2003";-1,46207
"11.6.2003";-1,19682
"12.6.2003";-1,29175
"13.6.2003";1,58922
"16.6.2003";-2,9782
"17.6.2003";-0,67105
"18.6.2003";-0,53622
"19.6.2003";1,74139
"20.6.2003";0,25069
"23.6.2003";1,63699
"24.6.2003";-0,96663
"25.6.2003";0,57729
"26.6.2003";-1,31678
"27.6.2003";0,51223
"30.6.2003";0,12661
"1.7.2003";2,32549
"2.7.2003";-2,95877
"3.7.2003";-0,02715
"4.7.2003";0,07128
"7.7.2003";-2,83808
"8.7.2003";-0,34715
"9.7.2003";0,66088
"10.7.2003";1,59554
"11.7.2003";-1,71827
"14.7.2003";-2,06952
"15.7.2003";0,33566
"16.7.2003";-0,08712
"17.7.2003";1,6957
"18.7.2003";-1,07595
"21.7.2003";2,39607
"22.7.2003";-0,94321
"23.7.2003";0,41283
"24.7.2003";-2,10629
"25.7.2003";0,5327
"28.7.2003";-1,79733
"29.7.2003";-0,30237
"30.7.2003";-0,02654
"31.7.2003";-1,70109
"1.8.2003";1,41396
"4.8.2003";0,98128
"5.8.2003";-0,96586
"6.8.2003";1,84038
"7.8.2003";1,30512
"8.8.2003";-0,0105
"11.8.2003";-0,22003
"12.8.2003";-1,25364
"13.8.2003";-0,50674
"14.8.2003";-1,57076
"15.8.2003";0,25433
"18.8.2003";-1,82133
"19.8.2003";0,07701
"20.8.2003";0,09421
"21.8.2003";-1,81815
"22.8.2003";0,46159
"25.8.2003";1,38913
"26.8.2003";1,28273
"27.8.2003";-0,79556
"28.8.2003";-0,27495
"29.8.2003";0,2319
"1.9.2003";-2,45598
"2.9.2003";0,11263
"3.9.2003";-2,22638
"4.9.2003";-0,57845
"5.9.2003";1,6756
"8.9.2003";-0,93307
"9.9.2003";1,30268
"10.9.2003";1,61349
"11.9.2003";-0,84407
"12.9.2003";1,66197
"15.9.2003";-0,2349
"16.9.2003";-1,36818
"17.9.2003";0,10441
"18.9.2003";-1,42173
"19.9.2003";0,92676
"22.9.2003";3,48096
"23.9.2003";1,31786
"24.9.2003";3,08671
"25.9.2003";-0,57073
"26.9.2003";0,0427
"29.9.2003";0,04422
"30.9.2003";2,02434
"1.10.2003";-2,21823
"2.10.2003";1,61027
"3.10.2003";-4,25296
"6.10.2003";0,41296
"7.10.2003";1,45343
"8.10.2003";-1,17167
"9.10.2003";-2,51772
"10.10.2003";0,30634
"13.10.2003";-1,91571
"14.10.2003";0,00735
"15.10.2003";-0,91297
"16.10.2003";-0,19977
"17.10.2003";1,72112
"20.10.2003";-1,20578
"21.10.2003";-0,58128
"22.10.2003";2,53115
"23.10.2003";-0,18719
"24.10.2003";1,28063
"27.10.2003";-1,84976
"28.10.2003";-1,96599
"29.10.2003";-0,79113
"30.10.2003";-0,66822
"31.10.2003";-0,44766
"3.11.2003";-2,39212
"4.11.2003";0,07454
"5.11.2003";0,64375
"6.11.2003";-0,43561
"7.11.2003";-1,29397
"10.11.2003";0,96484
"11.11.2003";0,43793
"12.11.2003";-0,49397
"13.11.2003";-0,45915
"14.11.2003";-0,84121
"17.11.2003";3,28887
"18.11.2003";0,22504
"19.11.2003";0,38232
"20.11.2003";0,39093
"21.11.2003";-0,11565
"24.11.2003";-2,57056
"25.11.2003";0,10522
"26.11.2003";0,54203
"27.11.2003";-0,85842
"28.11.2003";-0,02563
"1.12.2003";-1,98893
"2.12.2003";0,31296
"3.12.2003";-1,7281
"4.12.2003";0,02271
"5.12.2003";0,85661
"8.12.2003";0,92021
"9.12.2003";-1,03598
"10.12.2003";0,65892
"11.12.2003";-0,9878
"12.12.2003";-0,03317
"15.12.2003";-0,39661
"16.12.2003";0,24517
"17.12.2003";0,47734
"18.12.2003";-0,60401
"19.12.2003";-0,70895
"22.12.2003";0,55252
"23.12.2003";-0,67864
"29.12.2003";-1,25714
"30.12.2003";-0,31423
"2.1.2004";-1,33625
"5.1.2004";-0,43206
"6.1.2004";0,0114
"7.1.2004";0,77216
"8.1.2004";-1,01941
"9.1.2004";0,72566
"12.1.2004";0,50599
"13.1.2004";-0,00776
"14.1.2004";-1,46536
"15.1.2004";-0,33334
"16.1.2004";-1,04861
"19.1.2004";-0,68545
"20.1.2004";0,81273
"21.1.2004";-0,76731
"22.1.2004";-0,04397
"23.1.2004";-0,28872
"26.1.2004";0,55915
"27.1.2004";-0,13893
"28.1.2004";-0,38191
"29.1.2004";1,32261
"30.1.2004";0,9102
"2.2.2004";-0,3198
"3.2.2004";0,34666
"4.2.2004";0,72077
"5.2.2004";0,33768
"6.2.2004";-0,7494
"9.2.2004";-1,32566
"10.2.2004";-0,28819
"11.2.2004";-0,27596
"12.2.2004";0,01237
"13.2.2004";1,57975
"16.2.2004";-0,32999
"17.2.2004";-0,62207
"18.2.2004";0,0127
"19.2.2004";-1,12155
"20.2.2004";1,65995
"23.2.2004";0,11398
"24.2.2004";1,91789
"25.2.2004";-0,09816
"26.2.2004";-0,31163
"27.2.2004";-0,25791
"1.3.2004";-0,8986
"2.3.2004";-1,12598
"3.3.2004";0,70093
"4.3.2004";-1,51316
"5.3.2004";0,18499
"8.3.2004";-0,47993
"9.3.2004";1,41958
"10.3.2004";1,05384
"11.3.2004";3,51624
"12.3.2004";-0,26674
"15.3.2004";2,70837
"16.3.2004";-0,3042
"17.3.2004";-1,92825
"18.3.2004";1,79596
"19.3.2004";0,21657
"22.3.2004";2,38261
"23.3.2004";0,01099
"24.3.2004";0,07378
"25.3.2004";-2,27789
"26.3.2004";-0,27272
"29.3.2004";-1,52971
"30.3.2004";0,18594
"31.3.2004";0,4486
"1.4.2004";-1,75162
"2.4.2004";-2,08644
"5.4.2004";-1,01786
"6.4.2004";0,63905
"7.4.2004";0,53963
"8.4.2004";-0,30868
"13.4.2004";-1,43207
"14.4.2004";1,45101
"15.4.2004";0,20356
"16.4.2004";-0,73073
"19.4.2004";0,22112
"20.4.2004";-0,8919
"21.4.2004";0,86507
"22.4.2004";-0,8163
"23.4.2004";-1,08959
"26.4.2004";-0,53977
"27.4.2004";-0,20024
"28.4.2004";1,66739
"29.4.2004";1,40764
"30.4.2004";0,59294
"3.5.2004";-0,5615
"4.5.2004";0,42259
"5.5.2004";-0,7825
"6.5.2004";2,84049
"7.5.2004";0,35413
"10.5.2004";2,89151
"11.5.2004";-1,70887
"12.5.2004";1,93028
"13.5.2004";-1,28114
"14.5.2004";0,57236
"17.5.2004";1,2896
"18.5.2004";-0,9245
"19.5.2004";-2,16728
"20.5.2004";0,8543
"21.5.2004";0,19502
"24.5.2004";-0,93511
"25.5.2004";1,03355
"26.5.2004";-1,02527
"27.5.2004";-1,17752
"28.5.2004";0,27149
"31.5.2004";-0,47775
"1.6.2004";1,47018
"2.6.2004";-0,62251
"3.6.2004";-0,73719
"4.6.2004";-1,13848
"7.6.2004";-1,40057
"8.6.2004";-0,02837
"9.6.2004";0,52865
"10.6.2004";-0,59556
"11.6.2004";0,1762
"14.6.2004";1,6554
"15.6.2004";-0,97406
"16.6.2004";-0,39897
"17.6.2004";0,44513
"18.6.2004";-0,35891
"21.6.2004";0,26236
"22.6.2004";1,53886
"23.6.2004";-0,42446
"24.6.2004";-1,5581
"25.6.2004";-0,1571
"28.6.2004";-1,3857
"29.6.2004";-0,00934
"30.6.2004";0,41859
"1.7.2004";0,43795
"2.7.2004";0,90244
"5.7.2004";0,07605
"6.7.2004";1,28078
"7.7.2004";0,36315
"8.7.2004";-0,09917
"9.7.2004";0,25423
"12.7.2004";0,79947
"13.7.2004";-0,27292
"14.7.2004";0,12919
"15.7.2004";1,33361
"16.7.2004";0,03276
"19.7.2004";0,86962
"20.7.2004";-0,65279
"21.7.2004";-1,03383
"22.7.2004";1,99081
"23.7.2004";0,09792
"26.7.2004";1,18519
"27.7.2004";-1,62532
"28.7.2004";0,18028
"29.7.2004";-2,14303
"30.7.2004";-0,15234
"2.8.2004";0,84813
"3.8.2004";-0,37752
"4.8.2004";1,39152
"5.8.2004";-0,13825
"6.8.2004";2,68094
"9.8.2004";1,00863
"10.8.2004";-0,81798
"11.8.2004";1,12792
"12.8.2004";0,56699
"13.8.2004";0,30445
"16.8.2004";-1,41901
"17.8.2004";-0,1788
"18.8.2004";-0,55892
"19.8.2004";0,09423
"20.8.2004";0,2792
"23.8.2004";-1,59073
"24.8.2004";0,03023
"25.8.2004";-0,47302
"26.8.2004";-1,13895
"27.8.2004";-0,49197
"30.8.2004";0,32068
"31.8.2004";1,40715
"1.9.2004";-0,85258
"2.9.2004";-0,4138
"3.9.2004";-0,87112
"6.9.2004";-0,53104
"7.9.2004";-0,03755
"8.9.2004";0,12556
"9.9.2004";0,85168
"10.9.2004";-0,89981
"13.9.2004";-1,71651
"14.9.2004";0,14074
"15.9.2004";0,1521
"16.9.2004";-0,55405
"17.9.2004";-0,61421
"20.9.2004";0,26087
"21.9.2004";-0,33481
"22.9.2004";1,22698
"23.9.2004";0,93502
"24.9.2004";-0,11873
"27.9.2004";0,9231
"28.9.2004";-0,2037
"29.9.2004";-0,97635
"30.9.2004";0,70291
"1.10.2004";-2,58792
"4.10.2004";-0,95464
"5.10.2004";-0,38184
"6.10.2004";-0,02346
"7.10.2004";0,15569
"8.10.2004";0,69042
"11.10.2004";-0,05676
"12.10.2004";1,28604
"13.10.2004";-0,24048
"14.10.2004";0,89864
"15.10.2004";0,46677
"18.10.2004";0,1771
"19.10.2004";-1,24277
"20.10.2004";1,31354
"21.10.2004";-0,5521
"22.10.2004";-0,02745
"25.10.2004";2,07285
"26.10.2004";-0,20346
"27.10.2004";-1,71401
"28.10.2004";-0,77479
"29.10.2004";-0,01667
"1.11.2004";-1,31422
"2.11.2004";-0,61936
"3.11.2004";-0,0364
"4.11.2004";-0,05792
"5.11.2004";-0,54781
"8.11.2004";-0,13255
"9.11.2004";0,0895
"10.11.2004";-0,58373
"11.11.2004";-1,01413
"12.11.2004";-0,30311
"15.11.2004";0,21769
"16.11.2004";0,41495
"17.11.2004";-1,59485
"18.11.2004";0,11313
"19.11.2004";1,05347
"22.11.2004";0,2642
"23.11.2004";0,25761
"24.11.2004";-0,28961
"25.11.2004";-0,84605
"26.11.2004";0,14625
"29.11.2004";0,17564
"30.11.2004";0,50719
"1.12.2004";-1,44444
"2.12.2004";-0,72289
"3.12.2004";0,17875
"6.12.2004";0,35607
"7.12.2004";-0,44513
"8.12.2004";0,26789
"9.12.2004";1,21988
"10.12.2004";-0,57994
"13.12.2004";-1,06484
"14.12.2004";-0,28543
"15.12.2004";0,41705
"16.12.2004";-0,47399
"17.12.2004";1,22245
"20.12.2004";-0,69766
"21.12.2004";-0,06741
"22.12.2004";-0,63603
"23.12.2004";-0,2435
"27.12.2004";0,38318
"28.12.2004";-0,62209
"29.12.2004";0,32998
"30.12.2004";-0,19591
"3.1.2005";-0,82948
"4.1.2005";0,024
"5.1.2005";0,75473
"6.1.2005";-0,99777
"7.1.2005";-0,35881
"10.1.2005";0,20942
"11.1.2005";1,15256
"12.1.2005";1,16196
"13.1.2005";-0,07885
"14.1.2005";-0,47889
"17.1.2005";-0,31022
"18.1.2005";-0,12241
"19.1.2005";0,12147
"20.1.2005";0,59344
"21.1.2005";0,15959
"24.1.2005";0,28067
"25.1.2005";-0,76009
"26.1.2005";0,46946
"27.1.2005";-0,05433
"28.1.2005";0,34687
"31.1.2005";-1,25441
"1.2.2005";-0,58865
"2.2.2005";-0,38105
"3.2.2005";0,34204
"4.2.2005";-1,33723
"7.2.2005";-0,6219
"8.2.2005";-0,11536
"9.2.2005";0,41813
"10.2.2005";0,25623
"11.2.2005";-1,04906
"14.2.2005";0,03191
"15.2.2005";-0,3557
"16.2.2005";0,75843
"17.2.2005";-0,02083
"18.2.2005";0,23393
"21.2.2005";0,14071
"22.2.2005";0,69452
"23.2.2005";0,29072
"24.2.2005";0,14788
"25.2.2005";-1,0251
"28.2.2005";-0,04253
"1.3.2005";-0,75864
"2.3.2005";-0,22354
"3.3.2005";0,45992
"4.3.2005";-1,14247
"7.3.2005";-0,10326
"8.3.2005";0,71596
"9.3.2005";0,47651
"10.3.2005";0,8704
"11.3.2005";-0,52448
"14.3.2005";-0,15605
"15.3.2005";-0,46579
"16.3.2005";1,80715
"17.3.2005";-0,15791
"18.3.2005";-0,26055
"21.3.2005";0,71479
"22.3.2005";-0,5647
"23.3.2005";0,08081
"24.3.2005";-0,60965
"29.3.2005";-0,19067
"30.3.2005";0,10047
"31.3.2005";-0,02875
"1.4.2005";-0,56774
"4.4.2005";0,73759
"5.4.2005";-0,48759
"6.4.2005";-0,3791
"7.4.2005";-0,23584
"8.4.2005";-0,25392
"11.4.2005";0,10436
"12.4.2005";0,54675
"13.4.2005";-0,76489
"14.4.2005";0,08265
"15.4.2005";2,06105
"18.4.2005";2,58516
"19.4.2005";-0,05733
"20.4.2005";0,62005
"21.4.2005";-0,36024
"22.4.2005";-0,69718
"25.4.2005";-0,56482
"26.4.2005";0,31129
"27.4.2005";1,06237
"28.4.2005";0,26102
"29.4.2005";-0,16119
"2.5.2005";-0,93188
"3.5.2005";-0,50817
"4.5.2005";-0,44207
"5.5.2005";-0,82113
"6.5.2005";-0,26828
"9.5.2005";0,43355
"10.5.2005";0,96635
"11.5.2005";0,16409
"12.5.2005";-0,53788
"13.5.2005";-0,20251
"16.5.2005";0,31671
"17.5.2005";0,24454
"18.5.2005";-1,69843
"19.5.2005";-0,82487
"20.5.2005";-0,00596
"23.5.2005";-1,05548
"24.5.2005";0,23422
"25.5.2005";0,16162
"26.5.2005";-1,06639
"27.5.2005";-0,18263
"30.5.2005";-0,80044
"31.5.2005";0,4429
"1.6.2005";-1,4807
"2.6.2005";-0,11038
"3.6.2005";0,48172
"6.6.2005";0,29153
"7.6.2005";-1,51714
"8.6.2005";0,19116
"9.6.2005";-0,11974
"10.6.2005";-0,51045
"13.6.2005";-0,28546
"14.6.2005";0,16364
"15.6.2005";0,94682
"16.6.2005";-0,68907
"17.6.2005";-0,53787
"20.6.2005";0,38536
"21.6.2005";-0,46221
"22.6.2005";-0,24903
"23.6.2005";-0,17043
"24.6.2005";1,32698
"27.6.2005";0,93859
"28.6.2005";-0,74087
"29.6.2005";-0,57258
"30.6.2005";-0,0578
"1.7.2005";-0,66911
"4.7.2005";-0,13722
"5.7.2005";0,42831
"6.7.2005";-0,25686
"7.7.2005";1,86564
"8.7.2005";-1,48532
"11.7.2005";-1,41256
"12.7.2005";0,22219
"13.7.2005";-0,5756
"14.7.2005";-0,41326
"15.7.2005";-0,28963
"18.7.2005";-0,14143
"19.7.2005";-1,07418
"20.7.2005";-0,2922
"21.7.2005";-0,9438
"22.7.2005";-0,14545
"25.7.2005";-0,11984
"26.7.2005";-0,01631
"27.7.2005";-0,24457
"28.7.2005";-0,76222
"29.7.2005";0,12271
"1.8.2005";-0,08898
"2.8.2005";-0,85549
"3.8.2005";0,19785
"4.8.2005";1,00152
"5.8.2005";0,96648
"8.8.2005";-0,221
"9.8.2005";-1,46956
"10.8.2005";-1,63821
"11.8.2005";0,73689
"12.8.2005";0,33565
"15.8.2005";0,30407
"16.8.2005";0,78584
"17.8.2005";0,2532
"18.8.2005";0,41532
"19.8.2005";-1,60802
"22.8.2005";-0,23866
"23.8.2005";0,48583
"24.8.2005";0,03641
"25.8.2005";1,22679
"26.8.2005";1,49819
"29.8.2005";-0,59275
"30.8.2005";0,42732
"31.8.2005";-0,78929
"1.9.2005";-0,27397
"2.9.2005";0,10598
"5.9.2005";-1,47894
"6.9.2005";-1,18222
"7.9.2005";-0,39894
"8.9.2005";-0,09238
"9.9.2005";-0,26363
"12.9.2005";0,31913
"13.9.2005";1,78131
"14.9.2005";-0,18934
"15.9.2005";0,10573
"16.9.2005";-1,62794
"19.9.2005";1,21806
"20.9.2005";-0,74285
"21.9.2005";1,7817
"22.9.2005";0,53907
"23.9.2005";-0,68992
"26.9.2005";-2,33961
"27.9.2005";0,64793
"28.9.2005";-1,65482
"29.9.2005";0,54757
"30.9.2005";-0,45602
"3.10.2005";-0,74955
"4.10.2005";-1,09491
"5.10.2005";1,34414
"6.10.2005";1,03405
"7.10.2005";0,18953
"10.10.2005";-0,29948
"11.10.2005";-0,19234
"12.10.2005";1,01237
"13.10.2005";0,63835
"14.10.2005";-0,51362
"17.10.2005";-0,0657
"18.10.2005";0,63772
"19.10.2005";2,06682
"20.10.2005";-0,3763
"21.10.2005";0,53285
"24.10.2005";-1,30164
"25.10.2005";0,58968
"26.10.2005";-0,56928
"27.10.2005";1,95209
"28.10.2005";-0,40678
"31.10.2005";-2,1207
"1.11.2005";0,13236
"2.11.2005";-0,65362
"3.11.2005";-1,12726
"4.11.2005";0,315
"7.11.2005";-0,57808
"8.11.2005";0,30639
"9.11.2005";-0,0509
"10.11.2005";-0,08318
"11.11.2005";-1,48821
"14.11.2005";-0,033
"15.11.2005";-0,35636
"16.11.2005";0,57201
"17.11.2005";-0,3587
"18.11.2005";-0,46522
"21.11.2005";-0,91529
"22.11.2005";-0,07946
"23.11.2005";-0,41193
"24.11.2005";0,15601
"25.11.2005";-0,12117
"28.11.2005";0,34096
"29.11.2005";-0,44121
"30.11.2005";0,117
"1.12.2005";-1,39869
"2.12.2005";-0,78377
"5.12.2005";0,77789
"6.12.2005";-0,64328
"7.12.2005";0,64537
"8.12.2005";-0,37902
"9.12.2005";0,08743
"12.12.2005";-0,36057
"13.12.2005";-0,17095
"14.12.2005";0,4439
"15.12.2005";-0,17122
"16.12.2005";-1,08626
"19.12.2005";0,06502
"20.12.2005";-0,11992
"21.12.2005";-0,75564
"22.12.2005";-0,01945
"23.12.2005";-0,38401
"27.12.2005";-0,47478
"28.12.2005";-0,04242
"29.12.2005";-0,20961
"30.12.2005";0,92613
"2.1.2006";-0,76845
"3.1.2006";-0,19614
"4.1.2006";-1,14601
"5.1.2006";0,12844
"6.1.2006";-0,3581
"9.1.2006";-0,01427
"10.1.2006";0,76869
"11.1.2006";-0,69245
"12.1.2006";-0,16686
"13.1.2006";1,07101
"16.1.2006";-0,57376
"17.1.2006";0,99283
"18.1.2006";1,18924
"19.1.2006";-0,65082
"20.1.2006";1,51805
"23.1.2006";0,00561
"24.1.2006";0,26996
"25.1.2006";-1,72454
"26.1.2006";-2,21984
"27.1.2006";-1,75973
"30.1.2006";-0,22304
"31.1.2006";-0,24916
"1.2.2006";-0,9189
"2.2.2006";1,3525
"3.2.2006";-0,13302
"6.2.2006";-0,17061
"7.2.2006";-0,10829
"8.2.2006";0,11482
"9.2.2006";-1,35444
"10.2.2006";0,73761
"13.2.2006";-0,95761
"14.2.2006";-0,12275
"15.2.2006";-0,01683
"16.2.2006";-0,43069
"17.2.2006";-0,10756
"20.2.2006";0,0264
"21.2.2006";-0,12229
"22.2.2006";-1,04639
"23.2.2006";0,07133
"24.2.2006";-0,22014
"27.2.2006";-0,75276
"28.2.2006";2,03419
"1.3.2006";-1,2102
"2.3.2006";1,42696
"3.3.2006";1,07833
"6.3.2006";-0,56817
"7.3.2006";0,25719
"8.3.2006";1,15522
"9.3.2006";-1,03214
"10.3.2006";-1,26029
"13.3.2006";-0,86175
"14.3.2006";-0,26812
"15.3.2006";-0,46902
"16.3.2006";0,0117
"17.3.2006";0,26163
"20.3.2006";-0,34637
"21.3.2006";-0,15354
"22.3.2006";-0,34532
"23.3.2006";-0,24917
"24.3.2006";-0,43674
"27.3.2006";1,02446
"28.3.2006";0,36652
"29.3.2006";-0,40914
"30.3.2006";-1,16667
"31.3.2006";0,23607
"3.4.2006";-0,89995
"4.4.2006";0,16946
"5.4.2006";-0,25492
"6.4.2006";-0,03632
"7.4.2006";1,30956
"10.4.2006";-0,84441
"11.4.2006";1,59391
"12.4.2006";0,12227
"13.4.2006";-0,29307
"18.4.2006";0,27053
"19.4.2006";-1,53294
"20.4.2006";-1,1532
"21.4.2006";-0,51768
"24.4.2006";0,25727
"25.4.2006";0,00477
"26.4.2006";-0,4648
"27.4.2006";0,64691
"28.4.2006";0,95798
"2.5.2006";-0,6865
"3.5.2006";1,36988
"4.5.2006";-1,17187
"5.5.2006";-1,21737
"8.5.2006";-0,24001
"9.5.2006";-0,20768
"10.5.2006";0,36446
"11.5.2006";1,04592
"12.5.2006";2,31303
"15.5.2006";1,00652
"16.5.2006";0,08728
"17.5.2006";3,4633
"18.5.2006";-0,23589
"19.5.2006";-0,10954
"22.5.2006";2,24709
"23.5.2006";-2,35651
"24.5.2006";1,62017
"25.5.2006";-2,10451
"26.5.2006";-1,43202
"29.5.2006";0,57765
"30.5.2006";2,33086
"31.5.2006";-1,24488
"1.6.2006";-0,25841
"2.6.2006";0,3607
"5.6.2006";1,16465
"6.6.2006";2,12845
"7.6.2006";-0,74448
"8.6.2006";2,94058
"9.6.2006";-1,48979
"12.6.2006";1,26212
"13.6.2006";1,93518
"14.6.2006";-0,26137
"15.6.2006";-2,1669
"16.6.2006";0,85589
"19.6.2006";-1,1691
"20.6.2006";-0,99481
"21.6.2006";-0,17823
"22.6.2006";-0,54382
"23.6.2006";0,06653
"26.6.2006";0,27362
"27.6.2006";1,01115
"28.6.2006";0,04177
"29.6.2006";-2,26126
"30.6.2006";-1,80458
"3.7.2006";-0,51562
"4.7.2006";-0,28527
"5.7.2006";1,82098
"6.7.2006";-1,23382
"7.7.2006";0,23942
"10.7.2006";-0,42974
"11.7.2006";1,59475
"12.7.2006";-0,38707
"13.7.2006";1,97998
"14.7.2006";1,91923
"17.7.2006";0,09706
"18.7.2006";0,37193
"19.7.2006";-2,60509
"20.7.2006";-0,11782
"21.7.2006";1,72436
"24.7.2006";-2,30383
"25.7.2006";0,22057
"26.7.2006";-0,31106
"27.7.2006";-1,35154
"28.7.2006";-0,8157
"31.7.2006";0,41186
"1.8.2006";1,51137
"2.8.2006";-1,49113
"3.8.2006";0,72062
"4.8.2006";-1,4609
"7.8.2006";1,69806
"8.8.2006";-0,44775
"9.8.2006";-0,89637
"10.8.2006";1,26791
"11.8.2006";0,04601
"14.8.2006";-1,12418
"15.8.2006";-1,47882
"16.8.2006";-0,62366
"17.8.2006";-0,35324
"18.8.2006";0,28308
"21.8.2006";0,3822
"22.8.2006";-0,40609
"23.8.2006";0,73953
"24.8.2006";-0,66508
"25.8.2006";0,0449
"28.8.2006";-0,74607
"29.8.2006";0,13622
"30.8.2006";-0,35016
"31.8.2006";0,13575
"1.9.2006";-0,28919
"4.9.2006";-0,56303
"5.9.2006";0,43498
"6.9.2006";1,21416
"7.9.2006";0,67905
"8.9.2006";-0,37238
"11.9.2006";-0,0552
"12.9.2006";-1,29179
"13.9.2006";-0,54788
"14.9.2006";-0,02116
"15.9.2006";-0,51498
"18.9.2006";0,19453
"19.9.2006";0,89612
"20.9.2006";-1,36832
"21.9.2006";-0,12839
"22.9.2006";1,32898
"25.9.2006";-0,31124
"26.9.2006";-0,99425
"27.9.2006";-0,48668
"28.9.2006";0,00918
"29.9.2006";-0,25297
"2.10.2006";0,08114
"3.10.2006";0,12075
"4.10.2006";-0,89961
"5.10.2006";-0,477
"6.10.2006";-0,17334
"9.10.2006";0,02334
"10.10.2006";-0,54597
"11.10.2006";-0,02844
"12.10.2006";-0,665
"13.10.2006";-0,21729
"16.10.2006";-0,20809
"17.10.2006";1,16148
"18.10.2006";-1,10069
"19.10.2006";0,08673
"20.10.2006";-0,41033
"23.10.2006";-0,64424
"24.10.2006";-0,07382
"25.10.2006";-0,27812
"26.10.2006";-0,30711
"27.10.2006";0,34511
"30.10.2006";0,06948
"31.10.2006";-0,17131
"1.11.2006";-0,3659
"2.11.2006";1,0958
"3.11.2006";-0,28593
"6.11.2006";-1,42385
"7.11.2006";-0,49336
"8.11.2006";0,19982
"9.11.2006";-0,14825
"10.11.2006";0,01431
"13.11.2006";-0,56401
"14.11.2006";0,09937
"15.11.2006";-0,67888
"16.11.2006";-0,18844
"17.11.2006";0,477
"20.11.2006";-0,62139
"21.11.2006";-0,12484
"22.11.2006";-0,24334
"23.11.2006";0,01359
"24.11.2006";0,98222
"27.11.2006";1,79059
"28.11.2006";0,26217
"29.11.2006";-1,29882
"30.11.2006";0,86184
"1.12.2006";1,0846
"4.12.2006";-0,86309
"5.12.2006";-1,22467
"6.12.2006";0,05164
"7.12.2006";-0,68093
"8.12.2006";-0,22398
"11.12.2006";-0,65148
"12.12.2006";-0,10428
"13.12.2006";-0,68632
"14.12.2006";-0,48664
"15.12.2006";-0,55169
"18.12.2006";-0,12771
"19.12.2006";0,66521
"20.12.2006";-0,50836
"21.12.2006";0,1968
"22.12.2006";1,08328
"27.12.2006";-1,61276
"28.12.2006";-0,04463
"29.12.2006";0,22546
"2.1.2007";-1,26843
"3.1.2007";-0,1524
"4.1.2007";0,25319
"5.1.2007";1,22572
"8.1.2007";-0,21969
"9.1.2007";-0,10256
"10.1.2007";0,72545
"11.1.2007";-1,82201
"12.1.2007";-0,26687
"15.1.2007";-0,39548
"16.1.2007";0,22188
"17.1.2007";0,22536
"18.1.2007";0,18042
"19.1.2007";-0,85661
"22.1.2007";0,89115
"23.1.2007";0,12539
"24.1.2007";-1,03432
"25.1.2007";0,42753
"26.1.2007";0,4361
"29.1.2007";-0,53174
"30.1.2007";-0,92081
"31.1.2007";-0,01296
"1.2.2007";-0,91156
"2.2.2007";-0,502
"5.2.2007";0,17006
"6.2.2007";-0,02385
"7.2.2007";-0,57805
"8.2.2007";0,56307
"9.2.2007";-0,4987
"12.2.2007";0,7503
"13.2.2007";-0,52186
"14.2.2007";-0,95032
"15.2.2007";0,03678
"16.2.2007";0,02228
"19.2.2007";-0,43043
"20.2.2007";0,0597
"21.2.2007";0,59248
"22.2.2007";-0,46093
"23.2.2007";-0,26994
"26.2.2007";-0,49942
"27.2.2007";3,00357
"28.2.2007";1,53988
"1.3.2007";1,12612
"2.3.2007";0,55756
"5.3.2007";1,0466
"6.3.2007";-0,92052
"7.3.2007";-0,34436
"8.3.2007";-1,43248
"9.3.2007";-0,049
"12.3.2007";0,01534
"13.3.2007";1,37189
"14.3.2007";2,69744
"15.3.2007";-2,11422
"16.3.2007";0,08507
"19.3.2007";-1,38162
"20.3.2007";-0,43196
"21.3.2007";-0,17551
"22.3.2007";-2,13583
"23.3.2007";-0,6121
"26.3.2007";1,02333
"27.3.2007";-0,43135
"28.3.2007";0,60621
"29.3.2007";-1,16948
"30.3.2007";-0,28884
"2.4.2007";-0,29074
"3.4.2007";-1,55037
"4.4.2007";-0,40157
"5.4.2007";-0,36687
"10.4.2007";-0,9359
"11.4.2007";0,1933
"12.4.2007";0,13822
"13.4.2007";-0,96302
"16.4.2007";-1,73185
"17.4.2007";-0,14666
"18.4.2007";0,90889
"19.4.2007";0,5454
"20.4.2007";-1,36866
"23.4.2007";0,09429
"24.4.2007";0,89416
"25.4.2007";-0,99581
"26.4.2007";-0,5966
"27.4.2007";0,12055
"30.4.2007";-0,41591
"2.5.2007";-0,63318
"3.5.2007";-0,27805
"4.5.2007";-0,5345
"7.5.2007";-0,11873
"8.5.2007";1,1156
"9.5.2007";-0,453
"10.5.2007";0,81471
"11.5.2007";-0,85951
"14.5.2007";0,26414
"15.5.2007";-0,6113
"16.5.2007";0,32162
"17.5.2007";-0,24365
"18.5.2007";-1,43035
"21.5.2007";-0,1546
"22.5.2007";-0,52465
"23.5.2007";-0,99369
"24.5.2007";0,49892
"25.5.2007";-0,54183
"29.5.2007";-0,53917
"30.5.2007";0,20674
"31.5.2007";-1,5091
"1.6.2007";-1,3208
"4.6.2007";0,13856
"5.6.2007";0,71663
"6.6.2007";2,42544
"7.6.2007";1,45214
"8.6.2007";0,36965
"11.6.2007";-1,51148
"12.6.2007";0,36193
"13.6.2007";-0,03255
"14.6.2007";-2,1688
"15.6.2007";-2,28577
"18.6.2007";-0,06822
"19.6.2007";0,03236
"20.6.2007";-0,70665
"21.6.2007";1,56688
"22.6.2007";0,18951
"25.6.2007";0,23954
"26.6.2007";0,88772
"27.6.2007";0,75713
"28.6.2007";-1,52815
"29.6.2007";-1,07932
"2.7.2007";0,61483
"3.7.2007";-1,15487
"4.7.2007";-0,30485
"5.7.2007";1,09736
"6.7.2007";-0,76319
"9.7.2007";-0,36054
"10.7.2007";1,4042
"11.7.2007";0,83489
"12.7.2007";-1,94202
"13.7.2007";-0,4873
"16.7.2007";-0,15952
"17.7.2007";0,83599
"18.7.2007";1,81529
"19.7.2007";-1,22886
"20.7.2007";1,46681
"23.7.2007";-0,87692
"24.7.2007";1,74495
"25.7.2007";1,47415
"26.7.2007";2,41554
"27.7.2007";0,76575
"30.7.2007";-0,06211
"31.7.2007";-1,69986
"1.8.2007";1,46383
"2.8.2007";-0,80224
"3.8.2007";1,31547
"6.8.2007";-0,11801
"7.8.2007";-0,92539
"8.8.2007";-1,22068
"9.8.2007";2,02337
"10.8.2007";1,49129
"13.8.2007";-1,76916
"14.8.2007";0,66124
"15.8.2007";-0,28014
"16.8.2007";2,38976
"17.8.2007";-1,4776
"20.8.2007";-0,39551
"21.8.2007";-0,2322
"22.8.2007";-1,0148
"23.8.2007";-0,15294
"24.8.2007";0,06245
"27.8.2007";0,28386
"28.8.2007";0,74751
"29.8.2007";-0,12025
"30.8.2007";-1,07975
"31.8.2007";-1,55999
"3.9.2007";-0,1362
"4.9.2007";-0,95236
"5.9.2007";1,74716
"6.9.2007";-0,44301
"7.9.2007";2,45843
"10.9.2007";0,82622
"11.9.2007";-1,11183
"12.9.2007";-0,20213
"13.9.2007";-0,83924
"14.9.2007";0,50859
"17.9.2007";0,23889
"18.9.2007";-1,26683
"19.9.2007";-2,29202
"20.9.2007";0,20341
"21.9.2007";-0,76423
"24.9.2007";0,08356
"25.9.2007";0,23757
"26.9.2007";-0,44576
"27.9.2007";-0,63406
"28.9.2007";-0,09825
"1.10.2007";-0,7718
"2.10.2007";-0,30714
"3.10.2007";-0,10703
"4.10.2007";0,12968
"5.10.2007";-0,71725
"8.10.2007";0,34814
"9.10.2007";-0,07609
"10.10.2007";-0,07678
"11.10.2007";-0,58826
"12.10.2007";-0,09418
"15.10.2007";0,89678
"16.10.2007";0,08574
"17.10.2007";-0,28555
"18.10.2007";0,80482
"19.10.2007";0,47173
"22.10.2007";1,13758
"23.10.2007";-0,61198
"24.10.2007";0,1765
"25.10.2007";-1,3131
"26.10.2007";-0,21068
"29.10.2007";-0,7582
"30.10.2007";0,39693
"31.10.2007";-0,51609
"1.11.2007";1,74054
"2.11.2007";0,39872
"5.11.2007";0,53573
"6.11.2007";-0,25124
"7.11.2007";0,35286
"8.11.2007";-0,25418
"9.11.2007";0,09046
"12.11.2007";0,07119
"13.11.2007";0,37576
"14.11.2007";-0,07133
"15.11.2007";1,50267
"16.11.2007";0,71692
"19.11.2007";1,32624
"20.11.2007";-1,56307
"21.11.2007";1,47725
"22.11.2007";-0,57929
"23.11.2007";-0,61776
"26.11.2007";0,54822
"27.11.2007";0,477
"28.11.2007";-2,5214
"29.11.2007";-0,53626
"30.11.2007";-1,34732
"3.12.2007";0,42349
"4.12.2007";0,36201
"5.12.2007";-1,72446
"6.12.2007";0,05275
"7.12.2007";-0,67137
"10.12.2007";-0,49029
"11.12.2007";0,29845
"12.12.2007";-0,82932
"13.12.2007";1,84717
"14.12.2007";-0,25257
"17.12.2007";1,55857
"18.12.2007";-0,32278
"19.12.2007";0,17109
"20.12.2007";-0,40582
"21.12.2007";-1,68201
"27.12.2007";-0,44797
"28.12.2007";-0,35664
"2.1.2008";1,47614
"3.1.2008";0,51332
"4.1.2008";1,26895
"7.1.2008";-0,10854
"8.1.2008";-0,41897
"9.1.2008";0,86077
"10.1.2008";0,89857
"11.1.2008";-0,06299
"14.1.2008";-0,18214
"15.1.2008";2,16554
"16.1.2008";1,26096
"17.1.2008";0,77984
"18.1.2008";1,34931
"21.1.2008";7,43346
"22.1.2008";0,30561
"23.1.2008";5,00169
"24.1.2008";-5,76105
"25.1.2008";0,0635
"28.1.2008";-0,03095
"29.1.2008";-1,08098
"30.1.2008";0,2558
"31.1.2008";0,34385
"1.2.2008";-1,69203
"4.2.2008";-0,45558
"5.2.2008";3,41809
"6.2.2008";-1,20859
"7.2.2008";1,67573
"8.2.2008";-0,49715
"11.2.2008";0,35142
"12.2.2008";-3,27203
"13.2.2008";-0,08364
"14.2.2008";0,16346
"15.2.2008";1,88266
"18.2.2008";-1,95833
"19.2.2008";-0,49736
"20.2.2008";1,47622
"21.2.2008";-0,0749
"22.2.2008";1,43769
"25.2.2008";-1,11435
"26.2.2008";-1,49132
"27.2.2008";-0,16991
"28.2.2008";1,95282
"29.2.2008";1,68093
"3.3.2008";0,8659
"4.3.2008";2,18989
"5.3.2008";-2,09657
"6.3.2008";1,39211
"7.3.2008";1,17999
"10.3.2008";1,01698
"11.3.2008";-1,17926
"12.3.2008";-1,13991
"13.3.2008";1,50859
"14.3.2008";0,75137
"17.3.2008";4,26843
"18.3.2008";-3,35743
"19.3.2008";0,50445
"20.3.2008";0,65026
"25.3.2008";-3,18789
"26.3.2008";0,5448
"27.3.2008";-1,35914
"28.3.2008";0,27645
"31.3.2008";0,38076
"1.4.2008";-2,79695
"2.4.2008";-0,84622
"3.4.2008";0,52844
"4.4.2008";-0,32092
"7.4.2008";-0,84862
"8.4.2008";0,7217
"9.4.2008";0,7503
"10.4.2008";0,25384
"11.4.2008";1,51417
"14.4.2008";0,74601
"15.4.2008";-0,46516
"16.4.2008";-1,77294
"17.4.2008";0,31424
"18.4.2008";-2,3849
"21.4.2008";0,82952
"22.4.2008";0,86202
"23.4.2008";-0,9869
"24.4.2008";-0,38615
"25.4.2008";-1,09726
"28.4.2008";-0,41601
"29.4.2008";0,57912
"30.4.2008";-0,91773
"2.5.2008";-1,3495
"5.5.2008";-0,12557
"6.5.2008";0,49726
"7.5.2008";-0,83941
"8.5.2008";0,06149
"9.5.2008";0,97663
"12.5.2008";-0,46698
"13.5.2008";-0,34392
"14.5.2008";-0,32595
"15.5.2008";0,03092
"16.5.2008";-1,06058
"19.5.2008";-0,96493
"20.5.2008";1,49803
"21.5.2008";1,0971
"22.5.2008";-0,41811
"23.5.2008";1,8022
"26.5.2008";-0,14088
"27.5.2008";-0,06929
"28.5.2008";-1,07459
"29.5.2008";-0,30081
"30.5.2008";-0,59017
"2.6.2008";1,24803
"3.6.2008";-0,14771
"4.6.2008";0,76799
"5.6.2008";0,33939
"6.6.2008";2,00827
"9.6.2008";-0,17358
"10.6.2008";0,65549
"11.6.2008";1,80076
"12.6.2008";-0,96164
"13.6.2008";-0,75372
"16.6.2008";0,52522
"17.6.2008";-0,98004
"18.6.2008";0,99446
"19.6.2008";0,11509
"20.6.2008";2,14646
"23.6.2008";-0,16738
"24.6.2008";0,81369
"25.6.2008";-1,24345
"26.6.2008";2,42016
"27.6.2008";0,58518
"30.6.2008";0,05592
"1.7.2008";1,60798
"2.7.2008";0,1667
"3.7.2008";-0,7634
"4.7.2008";1,29149
"7.7.2008";-1,95049
"8.7.2008";1,43843
"9.7.2008";-1,29307
"10.7.2008";1,28372
"11.7.2008";2,43544
"14.7.2008";-0,76011
"15.7.2008";1,93054
"16.7.2008";-1,20406
"17.7.2008";-1,8654
"18.7.2008";-1,76045
"21.7.2008";-0,65884
"22.7.2008";-0,27899
"23.7.2008";-1,43775
"24.7.2008";1,47019
"25.7.2008";0,06197
"28.7.2008";1,33816
"29.7.2008";-0,74746
"30.7.2008";-0,95374
"31.7.2008";-0,30047
"1.8.2008";1,29079
"4.8.2008";0,73198
"5.8.2008";-2,62501
"6.8.2008";-0,65275
"7.8.2008";0,27318
"8.8.2008";-0,27714
"11.8.2008";-0,72856
"12.8.2008";0,36012
"13.8.2008";2,51673
"14.8.2008";-0,31125
"15.8.2008";-0,05912
"18.8.2008";0,20405
"19.8.2008";2,36655
"20.8.2008";-0,56142
"21.8.2008";1,28782
"22.8.2008";-1,67675
"25.8.2008";0,7195
"26.8.2008";-0,68954
"27.8.2008";0,30786
"28.8.2008";-1,56201
"29.8.2008";-0,02741
"1.9.2008";0,00779
"2.9.2008";-1,49412
"3.9.2008";0,78516
"4.9.2008";2,94866
"5.9.2008";2,45245
"8.9.2008";-2,20004
"9.9.2008";0,48539
"10.9.2008";0,37111
"11.9.2008";0,50722
"12.9.2008";-0,90207
"15.9.2008";2,77649
"16.9.2008";1,64585
"17.9.2008";1,76207
"18.9.2008";-0,04162
"19.9.2008";-5,41261
"22.9.2008";1,33007
"23.9.2008";0,64421
"24.9.2008";0,25839
"25.9.2008";-1,96573
"26.9.2008";1,79026
"29.9.2008";4,32093
"30.9.2008";-0,41141
"1.10.2008";0,42432
"2.10.2008";2,54135
"3.10.2008";-2,38105
"6.10.2008";7,33552
"7.10.2008";1,12717
"8.10.2008";6,05606
"9.10.2008";2,55796
"10.10.2008";7,27027
"13.10.2008";-10,79747
"14.10.2008";-2,66523
"15.10.2008";6,71291
"16.10.2008";5,0371
"17.10.2008";-3,3716
"20.10.2008";-1,11644
"21.10.2008";1,05205
"22.10.2008";4,56154
"23.10.2008";1,13017
"24.10.2008";5,08381
"27.10.2008";-0,9031
"28.10.2008";-10,68509
"29.10.2008";0,30647
"30.10.2008";-1,25255
"31.10.2008";-2,40788
"3.11.2008";-0,77625
"4.11.2008";-4,87633
"5.11.2008";2,12877
"6.11.2008";7,08281
"7.11.2008";-2,56145
"10.11.2008";-1,74774
"11.11.2008";5,39514
"12.11.2008";3,00117
"13.11.2008";-0,61961
"14.11.2008";-1,29749
"17.11.2008";3,30151
"18.11.2008";-0,48595
"19.11.2008";5,04676
"20.11.2008";3,12331
"21.11.2008";2,22324
"24.11.2008";-9,84283
"25.11.2008";-0,13363
"26.11.2008";-0,00175
"27.11.2008";-2,27134
"28.11.2008";-0,08934
"1.12.2008";6,06194
"2.12.2008";-3,06973
"3.12.2008";-0,77921
"4.12.2008";0,06593
"5.12.2008";4,08655
"8.12.2008";-7,35513
"9.12.2008";-1,33188
"10.12.2008";-0,53777
"11.12.2008";0,78729
"12.12.2008";2,20208
"15.12.2008";0,18351
"16.12.2008";-1,60029
"17.12.2008";0,45623
"18.12.2008";-1,01472
"19.12.2008";1,26309
"22.12.2008";1,2357
"23.12.2008";0,20802
"29.12.2008";-1,61731
"30.12.2008";-2,21426
"2.1.2009";-3,32987
"5.1.2009";-0,21934
"6.1.2009";-0,84553
"7.1.2009";1,78331
"8.1.2009";1,17263
"9.1.2009";1,98728
"12.1.2009";1,35257
"13.1.2009";1,76736
"14.1.2009";4,73834
"15.1.2009";1,95506
"16.1.2009";-0,67908
"19.1.2009";1,15499
"20.1.2009";1,78336
"21.1.2009";-0,50112
"22.1.2009";0,98414
"23.1.2009";0,96401
"26.1.2009";-3,47868
"27.1.2009";0,07977
"28.1.2009";-4,4182
"29.1.2009";2,02559
"30.1.2009";2,04788
"2.2.2009";1,56367
"3.2.2009";-2,404
"4.2.2009";-2,65765
"5.2.2009";-0,39319
"6.2.2009";-2,93059
"9.2.2009";-0,47662
"10.2.2009";3,51701
"11.2.2009";-0,54341
"12.2.2009";2,74206
"13.2.2009";-0,13219
"16.2.2009";1,06493
"17.2.2009";3,49647
"18.2.2009";0,27643
"19.2.2009";-0,24346
"20.2.2009";4,87468
"23.2.2009";1,96734
"24.2.2009";1,03931
"25.2.2009";1,2798
"26.2.2009";-2,47572
"27.2.2009";2,53996
"2.3.2009";3,53951
"3.3.2009";0,52292
"4.3.2009";-5,28292
"5.3.2009";5,15376
"6.3.2009";0,79002
"9.3.2009";-0,69635
"10.3.2009";-5,14561
"11.3.2009";-0,69529
"12.3.2009";-1,07036
"13.3.2009";0,06625
"16.3.2009";-2,27413
"17.3.2009";1,41356
"18.3.2009";-0,21418
"19.3.2009";-1,17268
"20.3.2009";-0,62326
"23.3.2009";-2,61091
"24.3.2009";-0,2628
"25.3.2009";-0,8544
"26.3.2009";-0,85068
"27.3.2009";1,31919
"30.3.2009";5,23312
"31.3.2009";-2,36647
"1.4.2009";-1,12735
"2.4.2009";-5,89505
"3.4.2009";-0,07004
"6.4.2009";0,80552
"7.4.2009";0,62982
"8.4.2009";-0,81609
"9.4.2009";-3,01072
"14.4.2009";-1,45646
"15.4.2009";0,15856
"16.4.2009";-1,30296
"17.4.2009";-1,4512
"20.4.2009";4,15944
"21.4.2009";-0,34112
"22.4.2009";-2,0403
"23.4.2009";1,23099
"24.4.2009";-2,9551
"27.4.2009";-0,42163
"28.4.2009";1,8632
"29.4.2009";-2,08642
"30.4.2009";-1,36987
"4.5.2009";-2,75041
"5.5.2009";1,01318
"6.5.2009";-0,56874
"7.5.2009";1,5821
"8.5.2009";-2,25982
"11.5.2009";0,96087
"12.5.2009";0,26335
"13.5.2009";2,6406
"14.5.2009";-0,22945
"15.5.2009";0,02047
"18.5.2009";-2,38732
"19.5.2009";-2,19464
"20.5.2009";-1,58666
"21.5.2009";2,78238
"22.5.2009";-0,36825
"25.5.2009";0,0061
"26.5.2009";-1,35603
"27.5.2009";-0,30381
"28.5.2009";1,36689
"29.5.2009";-0,16083
"1.6.2009";-4,00197
"2.6.2009";-0,02916
"3.6.2009";1,75578
"4.6.2009";-0,20298
"5.6.2009";-0,24118
"8.6.2009";1,4345
"9.6.2009";0,13716
"10.6.2009";-1,06121
"11.6.2009";-1,10412
"12.6.2009";0,74722
"15.6.2009";3,60109
"16.6.2009";-0,01595
"17.6.2009";1,87278
"18.6.2009";-0,77822
"19.6.2009";-0,04092
"22.6.2009";3,06459
"23.6.2009";-0,29254
"24.6.2009";-2,70074
"25.6.2009";0,73574
"26.6.2009";0,50308
"29.6.2009";-2,24859
"30.6.2009";1,57734
"1.7.2009";-1,99305
"2.7.2009";3,8856
"3.7.2009";0,2181
"6.7.2009";1,20493
"7.7.2009";1,15958
"8.7.2009";0,55698
"9.7.2009";-1,24791
"10.7.2009";1,1679
"13.7.2009";-3,14114
"14.7.2009";-1,24896
"15.7.2009";-3,02285
"16.7.2009";-0,58165
"17.7.2009";-0,42695
"20.7.2009";-1,03413
"21.7.2009";-1,26077
"22.7.2009";-0,54016
"23.7.2009";-2,42508
"24.7.2009";0,34209
"27.7.2009";-0,42344
"28.7.2009";1,47342
"29.7.2009";-1,8302
"30.7.2009";-1,6996
"31.7.2009";0,53344
"3.8.2009";-1,76062
"4.8.2009";0,1813
"5.8.2009";1,18868
"6.8.2009";-0,31652
"7.8.2009";-1,64341
"10.8.2009";0,75094
"11.8.2009";2,4723
"12.8.2009";-1,20875
"13.8.2009";-0,94911
"14.8.2009";1,71803
"17.8.2009";2,0456
"18.8.2009";-0,94008
"19.8.2009";0,35792
"20.8.2009";-1,50016
"21.8.2009";-2,81591
"24.8.2009";-1,03821
"25.8.2009";-0,6742
"26.8.2009";0,63399
"27.8.2009";0,93957
"28.8.2009";-0,85587
"31.8.2009";0,96049
"1.9.2009";2,54501
"2.9.2009";0,13994
"3.9.2009";0,34685
"4.9.2009";-1,55367
"7.9.2009";-1,458
"8.9.2009";-0,33293
"9.9.2009";-1,67388
"10.9.2009";-0,36727
"11.9.2009";-0,52145
"14.9.2009";0,06723
"15.9.2009";-0,15539
"16.9.2009";-1,25835
"17.9.2009";-0,54027
"18.9.2009";0,47766
"21.9.2009";0,61869
"22.9.2009";-0,71594
"23.9.2009";0,12847
"24.9.2009";1,71292
"25.9.2009";0,42551
"28.9.2009";-2,73747
"29.9.2009";0,39809
"30.9.2009";0,67365
"1.10.2009";2,14813
"2.10.2009";1,57228
"5.10.2009";-0,74613
"6.10.2009";-2,6651
"7.10.2009";0,29898
"8.10.2009";-1,33467
"9.10.2009";0,08155
"12.10.2009";-1,24141
"13.10.2009";1,19888
"14.10.2009";-2,41755
"15.10.2009";0,4
"16.10.2009";1,50994
"19.10.2009";-1,88295
"20.10.2009";0,6994
"21.10.2009";-0,37303
"22.10.2009";1,21694
"23.10.2009";0,39433
"26.10.2009";1,72358
"27.10.2009";0,12663
"28.10.2009";2,4931
"29.10.2009";-1,64533
"30.10.2009";3,13575
"2.11.2009";-0,29246
"3.11.2009";1,43676
"4.11.2009";-1,68338
"5.11.2009";-0,67166
"6.11.2009";-0,13365
"9.11.2009";-2,36724
"10.11.2009";0,11609
"11.11.2009";-0,97771
"12.11.2009";0,07748
"13.11.2009";-0,40297
"16.11.2009";-2,05356
"17.11.2009";0,45566
"18.11.2009";-0,15874
"19.11.2009";1,48709
"20.11.2009";0,68683
"23.11.2009";-2,41328
"24.11.2009";0,55606
"25.11.2009";-0,5826
"26.11.2009";3,30847
"27.11.2009";-1,26447
"30.11.2009";1,05486
"1.12.2009";-2,64272
"2.12.2009";-0,08773
"3.12.2009";0,19616
"4.12.2009";-0,81637
"7.12.2009";0,56713
"8.12.2009";1,67645
"9.12.2009";0,71875
"10.12.2009";-1,07742
"11.12.2009";-0,82458
"14.12.2009";-0,79543
"15.12.2009";-0,15637
"16.12.2009";-1,57224
"17.12.2009";1,00428
"18.12.2009";0,22663
"21.12.2009";-1,68891
"22.12.2009";-0,2553
"23.12.2009";-0,19743
"28.12.2009";-0,76052
"29.12.2009";-0,14366
"30.12.2009";0,90434
"4.1.2010";-1,51381
"5.1.2010";0,27218
"6.1.2010";-0,04094
"7.1.2010";0,24839
"8.1.2010";-0,30273
"11.1.2010";-0,04786
"12.1.2010";1,62727
"13.1.2010";-0,33831
"14.1.2010";-0,43072
"15.1.2010";1,90333
"18.1.2010";-0,72203
"19.1.2010";-0,97403
"20.1.2010";2,11286
"21.1.2010";1,80304
"22.1.2010";0,9028
"25.1.2010";1,1292
"26.1.2010";-0,66476
"27.1.2010";0,45491
"28.1.2010";1,83972
"29.1.2010";-1,22809
"1.2.2010";-0,81131
"2.2.2010";-0,97113
"3.2.2010";0,66018
"4.2.2010";2,47841
"5.2.2010";1,80355
"8.2.2010";-0,92517
"9.2.2010";-0,24419
"10.2.2010";-0,69074
"11.2.2010";0,58767
"12.2.2010";0,06434
"15.2.2010";-0,19452
"16.2.2010";-1,45942
"17.2.2010";-1,00032
"18.2.2010";-0,56617
"19.2.2010";-0,73037
"22.2.2010";0,58911
"23.2.2010";1,49429
"24.2.2010";-0,20393
"25.2.2010";1,49233
"26.2.2010";-1,18825
"1.3.2010";-2,0342
"2.3.2010";-1,09748
"3.3.2010";-0,71276
"4.3.2010";0,38852
"5.3.2010";-1,4057
"8.3.2010";0,02467
"9.3.2010";-0,1697
"10.3.2010";-0,85988
"11.3.2010";0,13636
"12.3.2010";-0,27759
"15.3.2010";0,70135
"16.3.2010";-1,13572
"17.3.2010";-0,88852
"18.3.2010";0,19889
"19.3.2010";0,49822
"22.3.2010";-0,08471
"23.3.2010";-0,49597
"24.3.2010";-0,36048
"25.3.2010";-1,54374
"26.3.2010";0,21056
"29.3.2010";-0,5995
"30.3.2010";0,23416
"31.3.2010";-0,18055
"1.4.2010";-1,32392
"6.4.2010";-0,26666
"7.4.2010";0,47777
"8.4.2010";0,81619
"9.4.2010";-1,25381
"12.4.2010";-0,01584
"13.4.2010";0,31823
"14.4.2010";-0,76056
"15.4.2010";-0,20764
"16.4.2010";1,77277
"19.4.2010";0,29911
"20.4.2010";-1,63829
"21.4.2010";0,54183
"22.4.2010";0,9946
"23.4.2010";-1,46137
"26.4.2010";-1,15268
"27.4.2010";2,76347
"28.4.2010";1,2279
"29.4.2010";-0,99058
"30.4.2010";0,14999
"3.5.2010";-0,50754
"4.5.2010";2,62974
"5.5.2010";0,80918
"6.5.2010";0,8459
"7.5.2010";3,32413
"10.5.2010";-5,163
"11.5.2010";-0,32848
"12.5.2010";-2,3858
"13.5.2010";-1,10138
"14.5.2010";3,17299
"17.5.2010";-0,16843
"18.5.2010";-1,45648
"19.5.2010";2,75465
"20.5.2010";2,03759
"21.5.2010";0,66051
"24.5.2010";0,40516
"25.5.2010";2,36406
"26.5.2010";-1,53975
"27.5.2010";-3,06339
"28.5.2010";-0,15215
"31.5.2010";-0,30477
"1.6.2010";-0,28362
"2.6.2010";0,00117
"3.6.2010";-1,22021
"4.6.2010";1,93027
"7.6.2010";0,57296
"8.6.2010";0,61834
"9.6.2010";-1,9607
"10.6.2010";-1,19324
"11.6.2010";0,14474
"14.6.2010";-1,26792
"15.6.2010";-0,81382
"16.6.2010";-0,25651
"17.6.2010";-0,52568
"18.6.2010";0,10546
"21.6.2010";-1,21489
"22.6.2010";0,38099
"23.6.2010";1,03452
"24.6.2010";1,44548
"25.6.2010";0,73658
"28.6.2010";-1,41679
"29.6.2010";3,3893
"30.6.2010";-0,22639
"1.7.2010";1,82853
"2.7.2010";0,39824
"5.7.2010";0,30815
"6.7.2010";-2,1227
"7.7.2010";-0,86947
"8.7.2010";-0,71165
"9.7.2010";-0,48889
"12.7.2010";-0,19683
"13.7.2010";-1,85752
"14.7.2010";-0,30046
"15.7.2010";0,97742
"16.7.2010";1,78993
"19.7.2010";0,51721
"20.7.2010";0,69502
"21.7.2010";-0,38284
"22.7.2010";-2,502
"23.7.2010";-0,39306
"26.7.2010";-0,45095
"27.7.2010";-0,21126
"28.7.2010";0,45809
"29.7.2010";0,71856
"30.7.2010";-0,21608
"2.8.2010";-2,31777
"3.8.2010";-0,25048
"4.8.2010";-0,37059
"5.8.2010";-0,03553
"6.8.2010";1,17446
"9.8.2010";-1,45857
"10.8.2010";1,0342
"11.8.2010";2,12511
"12.8.2010";0,30759
"13.8.2010";0,40439
"16.8.2010";-0,00262
"17.8.2010";-1,5561
"18.8.2010";0,32422
"19.8.2010";1,81354
"20.8.2010";1,15843
"23.8.2010";-0,09571
"24.8.2010";1,2635
"25.8.2010";0,60736
"26.8.2010";-0,22147
"27.8.2010";-0,65056
"30.8.2010";0,65343
"31.8.2010";-0,21643
"1.9.2010";-2,64281
"2.9.2010";0,00082
"3.9.2010";-0,83104
"6.9.2010";-0,33231
"7.9.2010";0,6054
"8.9.2010";-0,758
"9.9.2010";-0,9217
"10.9.2010";0,10855
"13.9.2010";-0,75198
"14.9.2010";-0,21903
"15.9.2010";0,216
"16.9.2010";0,19534
"17.9.2010";0,64032
"20.9.2010";-1,35667
"21.9.2010";0,29593
"22.9.2010";1,08377
"23.9.2010";0,38118
"24.9.2010";-1,81996
"27.9.2010";0,30865
"28.9.2010";0,0446
"29.9.2010";0,46586
"30.9.2010";0,28695
"1.10.2010";0,28424
"4.10.2010";1,24954
"5.10.2010";-1,3218
"6.10.2010";-0,87935
"7.10.2010";-0,08799
"8.10.2010";-0,24539
"11.10.2010";-0,28315
"12.10.2010";0,07833
"13.10.2010";-2,04025
"14.10.2010";-0,32196
"15.10.2010";-0,572
"18.10.2010";-0,37405
"19.10.2010";0,39885
"20.10.2010";-0,52031
"21.10.2010";-1,31645
"22.10.2010";0,07823
"25.10.2010";-0,50389
"26.10.2010";0,38346
"27.10.2010";0,6949
"28.10.2010";-0,41449
"29.10.2010";-0,0923
"1.11.2010";-0,05285
"2.11.2010";-0,7459
"3.11.2010";0,55018
"4.11.2010";-1,75088
"5.11.2010";-0,28928
"8.11.2010";0,0548
"9.11.2010";-0,55118
"10.11.2010";1,0064
"11.11.2010";-0,05311
"12.11.2010";-0,16644
"15.11.2010";-0,82161
"16.11.2010";1,88701
"17.11.2010";-0,55121
"18.11.2010";-1,95156
"19.11.2010";-0,1673
"22.11.2010";0,31466
"23.11.2010";1,73065
"24.11.2010";-1,7563
"25.11.2010";-0,81527
"26.11.2010";0,44695
"29.11.2010";2,22952
"30.11.2010";0,14164
"1.12.2010";-2,62853
"2.12.2010";-1,31626
"3.12.2010";0,14225
"6.12.2010";-0,09581
"7.12.2010";-0,68113
"8.12.2010";0,37259
"9.12.2010";0,16801
"10.12.2010";-0,60142
"13.12.2010";-0,33087
"14.12.2010";0,02831
"15.12.2010";0,15708
"16.12.2010";-0,11438
"17.12.2010";0,59899
"20.12.2010";-0,51639
"21.12.2010";-0,84262
"22.12.2010";0,14237
"23.12.2010";0,14484
"27.12.2010";1,23978
"28.12.2010";-0,01965
"29.12.2010";-0,33463
"30.12.2010";1,1687
"3.1.2011";-1,08675
"4.1.2011";0,20609
"5.1.2011";0,51067
"6.1.2011";-0,59722
"7.1.2011";0,48172
"10.1.2011";1,3152
"11.1.2011";-1,22492
"12.1.2011";-1,81599
"13.1.2011";-0,08951
"14.1.2011";-0,00834
"17.1.2011";-0,03335
"18.1.2011";-0,9196
"19.1.2011";0,85322
"20.1.2011";0,82924
"21.1.2011";-0,54165
"24.1.2011";-0,07572
"25.1.2011";0,12402
"26.1.2011";-0,96347
"27.1.2011";-0,3953
"28.1.2011";0,74034
"31.1.2011";0,35712
"1.2.2011";-1,4976
"2.2.2011";0,00835
"3.2.2011";-0,13925
"4.2.2011";-0,3127
"7.2.2011";-0,92981
"8.2.2011";-0,54249
"9.2.2011";0,03196
"10.2.2011";-0,26437
"11.2.2011";-0,42035
"14.2.2011";-0,3444
"15.2.2011";-0,04609
"16.2.2011";-0,19252
"17.2.2011";0,11863
"18.2.2011";-0,28721
"21.2.2011";1,42389
"22.2.2011";0,04727
"23.2.2011";1,70541
"24.2.2011";0,89494
"25.2.2011";-0,76378
"28.2.2011";-1,20562
"1.3.2011";0,67634
"2.3.2011";0,58566
"3.3.2011";-0,62247
"4.3.2011";0,65339
"7.3.2011";0,23667
"8.3.2011";-0,03937
"9.3.2011";0,46095
"10.3.2011";0,9681
"11.3.2011";1,16203
"14.3.2011";1,65889
"15.3.2011";3,24085
"16.3.2011";2,03358
"17.3.2011";-2,17218
"18.3.2011";-0,1129
"21.3.2011";-2,25105
"22.3.2011";0,51702
"23.3.2011";-0,34567
"24.3.2011";-1,87995
"25.3.2011";-0,18415
"28.3.2011";0,11134
"29.3.2011";0,0604
"30.3.2011";-1,7541
"31.3.2011";0,22471
"1.4.2011";-1,94787
"4.4.2011";0,06242
"5.4.2011";0,00028
"6.4.2011";-0,55315
"7.4.2011";0,5048
"8.4.2011";-0,53127
"11.4.2011";0,16863
"12.4.2011";1,42512
"13.4.2011";-1,05121
"14.4.2011";0,43855
"15.4.2011";-0,44301
"18.4.2011";2,13227
"19.4.2011";-0,17716
"20.4.2011";-2,93796
"21.4.2011";-0,63666
"26.4.2011";-0,83293
"27.4.2011";-0,65631
"28.4.2011";-0,94449
"29.4.2011";-0,52356
"2.5.2011";-0,17524
"3.5.2011";0,35852
"4.5.2011";1,70455
"5.5.2011";-0,04108
"6.5.2011";-1,55075
"9.5.2011";1,09685
"10.5.2011";-1,22051
"11.5.2011";0,08629
"12.5.2011";0,68412
"13.5.2011";0,54744
"16.5.2011";0,21324
"17.5.2011";1,78765
"18.5.2011";-0,64395
"19.5.2011";-0,74616
"20.5.2011";1,25006
"23.5.2011";2,01976
"24.5.2011";-0,40835
"25.5.2011";-0,28321
"26.5.2011";0,79594
"27.5.2011";-0,69172
"30.5.2011";0,04426
"31.5.2011";-1,84577
"1.6.2011";1,05107
"2.6.2011";2,00559
"3.6.2011";-0,49228
"6.6.2011";0,34466
"7.6.2011";-0,26332
"8.6.2011";0,60748
"9.6.2011";-1,39849
"10.6.2011";1,26162
"13.6.2011";-0,21533
"14.6.2011";-1,67464
"15.6.2011";1,25296
"16.6.2011";0,06861
"17.6.2011";-0,75451
"20.6.2011";0,19337
"21.6.2011";-1,87457
"22.6.2011";0,10052
"23.6.2011";1,78482
"24.6.2011";0,39325
"27.6.2011";0,18947
"28.6.2011";-0,87588
"29.6.2011";-1,71057
"30.6.2011";-1,11927
"1.7.2011";-0,58396
"4.7.2011";-0,3165
"5.7.2011";0,0473
"6.7.2011";0,11096
"7.7.2011";-0,54017
"8.7.2011";0,92389
"11.7.2011";2,35752
"12.7.2011";0,77907
"13.7.2011";-1,29804
