"inlf","hours","kidslt6","kidsge6","age","educ","wage","repwage","hushrs","husage","huseduc","huswage","faminc","mtr","motheduc","fatheduc","unem","city","exper","nwifeinc","lwage","expersq"
1,1610,1,0,32,12,3.354,2.65,2708,34,12,4.0288,16310,0.7215,12,7,5,0,14,10.91006,1.210154,196
1,1656,0,2,30,12,1.3889,2.65,2310,30,9,8.4416,21800,0.6615,7,7,11,1,5,19.49998,0.3285121,25
1,1980,1,3,35,12,4.5455,4.04,3072,40,12,3.5807,21040,0.6915,12,7,5,0,15,12.03991,1.514138,225
1,456,0,3,34,12,1.0965,3.25,1920,53,10,3.5417,7300,0.7815,7,7,5,0,6,6.799996,0.0921233,36
1,1568,1,2,31,14,4.5918,3.6,2000,32,12,10,27300,0.6215,12,14,9.5,1,7,20.10006,1.524272,49
1,2032,0,0,54,12,4.7421,4.7,1040,57,11,6.7106,19495,0.6915,14,7,7.5,1,33,9.859054,1.55648,1089
1,1440,0,2,37,16,8.3333,5.95,2670,37,12,3.4277,21152,0.6915,14,7,5,0,11,9.152048,2.12026,121
1,1020,0,0,54,12,7.8431,9.98,4120,53,8,2.5485,18900,0.6915,3,3,5,0,35,10.90004,2.059634,1225
1,1458,0,2,48,12,2.1262,0,1995,52,4,4.2206,20405,0.7515,7,7,3,0,24,17.305,0.7543364,576
1,1600,0,2,39,12,4.6875,4.15,2100,43,12,5.7143,20425,0.6915,7,7,5,0,21,12.925,1.544899,441
1,1969,0,1,33,12,4.063,4.3,2450,34,12,9.7959,32300,0.5815,12,3,5,0,15,24.29995,1.401922,225
1,1960,0,1,42,11,4.5918,4.58,2375,47,14,8,28700,0.6215,14,7,5,0,14,19.70007,1.524272,196
1,240,1,2,30,12,2.0833,0,2830,33,16,5.3004,15500,0.7215,16,16,5,0,0,15.00001,0.7339532,0
1,997,0,2,43,12,2.2668,3.5,3317,46,12,4.3413,16860,0.7215,10,10,7.5,1,14,14.6,0.8183691,196
1,1848,0,1,43,10,3.6797,3.38,2024,45,17,10.87,31431,0.5815,7,7,7.5,1,6,24.63091,1.302831,36
1,1224,0,3,35,11,1.3472,0,1694,38,12,9.1499,19180,0.7215,16,10,7.5,1,9,17.53103,0.2980284,81
1,1400,0,2,43,12,3.2143,4,2156,45,12,6.1224,18600,0.6915,10,7,7.5,1,20,14.09998,1.16761,400
1,640,0,5,39,12,5.175,2.25,2250,40,12,6.1498,19151,0.7215,12,12,7.5,1,6,15.839,1.643839,36
1,2000,0,0,45,12,2,2.3,2024,51,11,6.917,18100,0.6915,7,7,5,1,23,14.1,0.6931472,529
1,1324,0,4,35,12,7.5529,3.94,2123,40,10,4.7103,20300,0.6915,12,7,5,0,9,10.29996,2.021932,81
1,2215,0,2,42,16,3.5052,3.3,4160,48,16,3.131,30419,0.6215,10,16,7.5,0,5,22.65498,1.254248,25
1,1680,0,0,30,12,3.5714,3.8,2000,35,12,4,14090,0.7215,12,10,3,0,11,8.090048,1.272958,121
1,1600,0,0,48,13,3.25,3.26,2420,52,17,7.2227,22679,0.6615,7,3,5,1,18,17.479,1.178655,324
1,800,0,0,45,12,3.25,2.2,1150,53,17,7.9652,12160,0.7215,7,7,11,0,15,9.56,1.178655,225
1,1955,1,1,31,12,2.1545,2.3,2024,31,12,4.0884,12487,0.7515,12,7,5,1,4,8.274953,0.7675587,16
1,660,0,2,43,17,3.7879,0,1904,43,17,14.181,29850,0.5815,16,14,9.5,1,21,27.34999,1.331812,441
1,525,0,0,59,12,4,3.18,2448,53,16,6.5359,18100,0.6915,3,7,9.5,1,31,16,1.386294,961
1,1904,0,3,32,12,4.7269,6.07,2000,33,13,8.5,26000,0.6615,3,7,11,1,9,16.99998,1.55327,81
1,1516,1,0,31,17,7.2559,6,2390,30,17,6.2762,26100,0.6215,12,12,5,0,7,15.10006,1.981815,49
1,346,0,0,42,12,5.8671,6.39,1920,47,10,5.2083,17730,0.7215,12,12,9.5,0,7,15.69998,1.76936,49
1,1040,0,0,50,11,1.5385,0,1840,53,10,2.7821,6719,0.7515,7,7,7.5,1,32,5.11896,0.4308079,1024
1,732,0,0,59,16,2.459,2.5,3360,57,17,4.9107,18550,0.6915,3,3,14,1,11,16.75001,0.8997548,121
1,1880,0,2,36,13,5.8511,5.2,2284,35,13,5.8669,24600,0.6615,12,10,7.5,0,16,13.59993,1.76663,256
1,1680,0,1,51,12,3.5714,3.29,1875,50,8,7.52,23100,0.6915,7,14,5,1,14,17.10005,1.272958,196
1,2081,0,3,45,16,3.8068,4.19,2140,47,17,7.5449,24656,0.6615,12,12,5,1,27,16.73405,1.336789,729
1,690,0,1,42,11,2.4638,0,1896,44,8,5.538,15897,0.7515,10,3,7.5,0,0,14.19698,0.9017048,0
1,4210,0,0,46,12,2.3753,4.63,1040,49,16,6.9231,20320,0.6915,3,3,11,1,17,10.31999,0.8651237,289
1,2205,0,1,46,10,4.5351,4.55,2200,52,12,5,21384,0.6615,10,3,11,0,28,11.3841,1.511847,784
1,1952,0,0,51,14,5.6183,5.6,1952,58,12,7.3064,25561,0.6215,7,7,14,0,24,14.59408,1.726029,576
1,1302,0,0,30,17,14.631,9.53,1560,30,17,11.218,36550,0.58,14,17,5,1,11,17.50044,2.683142,121
1,112,1,2,30,12,2.6786,0,4030,33,16,3.8462,15810,0.7215,12,12,3,0,1,15.51,0.9852943,1
1,893,0,0,57,12,3.9194,3.5,2570,58,12,5.8366,25500,0.6215,9,9,7.5,1,14,21.99998,1.365939,196
1,583,1,2,31,16,2.5729,9.98,1530,34,16,13.725,24000,0.6615,14,16,9.5,1,6,22.5,0.9450337,36
1,480,0,2,48,12,4.5375,4.65,3149,48,8,6.3493,22172,0.6615,3,3,5,0,10,19.994,1.512376,100
1,1900,0,3,30,12,2,2.23,2690,32,12,5.2528,17930,0.7215,12,7,5,0,6,14.13,0.6931472,36
1,576,0,2,34,12,3.4722,3.84,3096,33,12,1.3075,7000,0.7815,12,7,3,0,4,5.000013,1.244788,16
1,2056,0,2,48,16,2.0161,0,2552,53,16,2.7998,25300,0.7215,14,16,5,1,10,21.1549,0.7011649,100
1,1984,0,0,45,12,4.5716,4.82,2040,47,11,2.6961,16212,0.7215,10,10,11,0,22,7.141946,1.519863,484
1,2640,0,0,51,12,2.2727,0,2180,50,13,7.5688,22650,0.6615,7,7,3,0,16,16.65007,0.8209686,256
1,240,0,2,30,12,2.6375,0,1864,37,12,3.4077,6985,0.7815,12,7,14,0,6,6.352,0.9698315,36
1,1173,0,1,46,12,2.2899,2.5,2068,46,12,6.5401,30000,0.6915,7,7,11,1,12,27.31395,0.8285082,144
1,3640,0,0,58,12,1.0989,0,2010,58,12,7.2139,18500,0.6915,7,3,9.5,1,32,14.5,0.0943096,1024
1,340,0,8,37,12,1.1765,0,2152,40,10,6.2732,16658,0.7515,12,7,5,0,15,16.25799,0.1625439,225
1,500,0,0,52,8,1.6,0,1496,54,11,5.8824,10300,0.7515,7,7,5,1,17,9.5,0.4700036,289
1,1599,0,0,52,10,1.8762,2.8,2100,47,4,3.8095,11000,0.7515,7,3,7.5,0,34,7.999956,0.6292484,1156
1,1830,0,0,31,16,4.0437,4.2,1960,35,14,6.3776,19900,0.6915,12,12,7.5,1,9,12.50003,1.39716,81
1,1920,0,0,55,14,9.6354,8.75,1985,55,15,6.0453,32500,0.64,7,7,14,1,37,14.00003,2.265444,1369
1,2052,0,0,34,17,8.0409,8.25,2020,33,17,8.8119,37300,0.58,17,17,7.5,1,10,20.80007,2.084541,100
1,2312,0,0,55,14,4.599,5.58,2178,56,16,8.8765,30018,0.5815,17,7,11,1,35,19.38511,1.525839,1225
1,196,0,2,39,12,2.1429,2.5,3684,39,12,3.342,12807,0.7515,12,7,14,1,6,12.38699,0.7621601,36
1,2500,0,3,40,14,4.4,5.5,5010,42,13,3.1836,39500,0.5515,14,3,7.5,0,19,28.5,1.481605,361
1,1980,0,4,43,12,3.5354,3.75,1880,47,12,6.9149,22050,0.6915,12,12,9.5,1,10,15.04991,1.262826,100
1,1840,0,0,48,8,2.7174,4.8,1904,56,8,5.5147,15500,0.7215,7,7,14,1,11,10.49998,0.9996756,121
1,320,0,0,47,12,6.25,6.25,2083,47,12,5.2808,13810,0.7215,7,7,9.5,1,15,11.81,1.832582,225
1,419,0,4,41,12,11.933,6.3,2125,44,12,3.2,11950,0.7515,7,7,5,1,12,6.950073,2.479308,144
1,1880,0,0,36,8,3.5931,3.75,1985,37,12,5.8791,19175,0.6915,12,12,7.5,0,12,12.41997,1.279015,144
1,72,0,2,46,17,6.9444,0,2640,48,17,6.25,17900,0.6915,12,16,7.5,0,14,17.4,1.937936,196
1,120,0,0,34,12,2.9167,0,2070,51,8,7.4879,15850,0.7215,12,7,5,1,11,15.5,1.070453,121
1,1885,0,3,41,12,3.0769,2.9,2107,48,8,6.9767,27017,0.6915,7,7,5,1,9,21.21704,1.123923,81
1,240,0,1,51,12,3.75,0,2250,54,10,8,18900,0.6915,12,7,5,0,24,18,1.321756,576
1,1729,0,0,33,12,5.7259,4.76,2880,34,16,4.1319,21800,0.6915,12,12,7.5,1,12,11.89992,1.745,144
1,1850,0,0,52,12,3.6757,3.4,1848,53,12,14.476,33552,0.5515,10,10,7.5,1,13,26.75196,1.301744,169
1,2033,0,0,58,9,5.1648,4.32,1927,53,7,5.7343,22650,0.6615,7,9,7.5,1,29,12.14996,1.641866,841
1,608,2,4,34,10,8.2237,3,1304,38,9,3.3742,15200,0.7915,0,0,7.5,1,11,10.19999,2.10702,121
1,1153,0,1,31,12,4.3365,4.52,3000,35,12,1.8333,13120,0.7215,7,10,7.5,1,13,8.120015,1.467068,169
1,2208,0,1,48,12,4.9819,5.31,1892,52,12,5.6025,21660,0.6615,12,14,5,1,19,10.65996,1.605811,361
1,252,0,2,32,12,0.3571,0,3644,32,12,4.2975,18190,0.7215,7,7,3,0,2,18.10001,-1.029739,4
1,337,0,0,49,17,2.9674,0,1430,47,17,3.9161,9600,0.7515,3,3,14,1,24,8.599986,1.087686,576
1,90,2,2,32,15,1,0,2350,31,14,4.8787,13755,0.7515,10,12,7.5,1,9,13.665,0,81
1,1174,0,0,58,12,2.5554,4.87,1948,59,16,9.2402,35350,0.6615,7,12,7.5,1,6,32.34996,0.9382087,36
1,372,0,0,50,6,0.8602,2.25,1804,42,12,6.6519,12405,0.7215,12,7,7.5,1,22,12.08501,-0.1505904,484
1,30,0,0,60,14,1,0,2326,51,12,4.6217,12180,0.7515,12,17,9.5,0,30,12.15,0,900
1,1800,0,1,50,12,2.9261,0,1739,55,11,9.9741,22962,0.6615,7,3,7.5,1,10,17.69502,1.073671,100
1,282,0,0,56,14,3.5461,2.5,1176,57,17,20.918,25700,0.6215,7,7,9.5,1,6,24.7,1.265848,36
1,720,0,0,51,9,1.6264,2.2,1100,55,8,1.94,3305,0.7915,7,7,3,0,29,2.133992,0.486369,841
1,1440,0,1,54,17,8.3333,6,1528,58,17,8.8351,32950,0.5815,7,12,5,1,29,20.95005,2.12026,841
1,2100,0,0,59,13,3.0952,2.95,2250,52,15,4.6667,17000,0.6915,7,7,5,1,36,10.50008,1.129853,1296
1,1000,0,2,46,9,2.7,2.35,1927,47,10,5.1894,13250,0.7515,7,7,5,1,19,10.55,0.9932518,361
1,952,0,1,46,15,5.2521,0,2414,47,16,18.724,50750,0.4415,7,12,5,1,8,45.75,1.658628,64
1,1413,1,3,39,12,1.4154,2.2,768,49,8,10.417,15632,0.7715,10,10,14,0,13,13.63204,0.3474122,169
1,2100,0,2,44,12,4.7986,4.85,1984,43,14,8.8458,28316,0.6215,7,0,11,1,16,18.23894,1.568324,256
1,120,2,0,33,12,1.6667,2.37,2246,36,12,7.569,17290,0.7215,12,12,9.5,1,11,17.09,0.5108456,121
1,3000,1,2,33,12,1.1217,0,3024,30,17,4.4507,33600,0.6215,10,10,7.5,1,15,30.2349,0.1148454,225
1,1000,0,2,48,12,0.5,0,2921,52,12,9.3204,29200,0.6215,12,7,9,1,6,28.7,-0.6931472,36
1,336,0,4,31,12,0.7143,0,2045,37,17,9.1687,19870,0.6915,7,7,11,0,13,19.63,-0.3364523,169
1,1216,0,1,45,12,2.7961,2.9,1928,44,12,6.4834,16225,0.7215,7,7,11,0,22,12.82494,1.028226,484
1,988,0,1,45,12,4.8583,4.5,1920,44,10,7.8125,28600,0.6915,7,3,5,1,24,23.8,1.580689,576
1,2581,0,2,32,13,1.7435,2.6,2280,37,17,11.404,30800,0.5815,14,12,7.5,1,2,26.30003,0.5558946,4
1,2030,0,0,47,12,2.4631,2.8,2300,47,17,5.087,25700,0.6915,7,7,3,0,6,20.69991,0.9014207,36
1,413,0,2,34,13,2.4213,3,2480,35,13,6.9758,27000,0.6215,12,12,3,0,2,26,0.8843046,4
1,782,0,1,37,12,1.5345,2.3,1135,34,10,5.2863,12077,0.7715,12,7,9.5,1,2,10.87702,0.4282046,4
1,1388,0,1,36,12,2.8818,1.87,1384,39,12,11.562,29612,0.6615,7,7,11,0,14,25.61206,1.058415,196
1,1450,1,2,47,12,2.4069,3,1848,50,14,8.6061,24479,0.6915,7,10,9.5,1,9,20.98899,0.8783396,81
1,1720,0,1,48,16,5.2326,4.68,2499,46,17,12.805,79750,0.4415,14,14,7.5,1,11,70.74993,1.654908,121
1,800,0,2,42,12,3.75,2.5,2390,43,12,6.6946,20050,0.6915,12,7,11,0,9,17.05,1.321756,81
1,360,0,3,33,13,1.3889,0,2400,44,14,8.3333,21500,0.6915,10,12,11,1,6,21,0.3285121,36
1,2000,0,0,46,11,4,4.61,1920,53,8,4.1667,16120,0.6915,7,7,5,0,19,8.12,1.386294,361
1,1176,0,3,47,12,3.2313,3.35,2301,48,13,5.4759,24686,0.7215,7,7,9.5,0,26,20.88599,1.172885,676
1,2058,0,1,44,12,3.4014,3.8,1944,43,10,5.144,24669,0.6915,7,10,9.5,1,19,17.66892,1.224187,361
1,900,0,4,36,12,1.3333,2.2,2100,37,17,11.667,26400,0.6615,7,7,7.5,1,3,25.20003,0.2876571,9
1,215,2,0,31,17,9.3023,9.98,1920,32,16,7.2917,16245,0.7215,12,12,7.5,1,7,14.24501,2.230262,49
1,2000,0,0,55,14,4.5,4.37,2880,55,14,4.8611,23300,0.6615,7,7,9.5,1,28,14.3,1.504077,784
1,757,0,1,45,16,4.6235,4.5,1932,48,16,12.164,27200,0.6215,12,7,9.5,1,13,23.70001,1.531152,169
1,1264,0,0,47,17,3.9557,0,3234,48,17,10.823,51000,0.4615,10,17,9.5,1,9,46,1.375158,81
1,2064,0,3,46,12,5.814,6,2805,47,12,12.478,55000,0.4615,10,7,14,1,15,42.9999,1.760269,225
1,1280,0,0,49,11,0.5,0,2272,52,9,6.162,15389,0.7215,7,7,7.5,1,20,14.749,-0.6931472,400
1,1715,0,0,49,12,4.0816,3.75,2227,52,14,7.1846,23150,0.6615,7,7,9.5,1,29,16.15005,1.406489,841
1,2000,0,2,45,12,6,4.95,1720,49,6,7.093,29774,0.6215,7,10,14,1,9,17.774,1.791759,81
1,12,1,3,38,17,3.6667,0,2300,38,13,17.826,91044,0.4415,12,10,14,1,1,91,1.299292,1
1,1528,0,0,47,10,3.8613,2.95,3410,50,12,6.393,28200,0.5815,7,12,14,1,8,22.29993,1.351004,64
1,561,0,3,54,13,2.7629,2.53,2304,57,16,11.719,36150,0.5515,7,7,9.5,1,19,34.60001,1.016281,361
1,2058,0,0,41,11,2.931,2.9,1984,42,12,4.7883,15652,0.7215,12,12,7.5,0,23,9.620002,1.075344,529
1,1823,0,2,43,12,4.3884,4.2,1890,33,14,4.2328,18900,0.7515,14,7,11,0,3,10.89995,1.478965,9
1,1680,1,1,31,16,5.4167,4.7,1970,32,12,7.1066,23600,0.6615,12,10,7.5,0,13,14.49994,1.689487,169
1,1440,0,0,47,17,9.8611,7.1,2400,46,12,8.3333,36200,0.61,7,7,7.5,1,8,22.00002,2.288598,64
1,4950,0,2,35,12,0.1616,2.75,2504,37,12,6.9888,18700,0.6915,10,10,7.5,0,17,17.90008,-1.822631,289
1,1176,0,3,45,16,0.3826,3.75,2398,48,17,9.5913,24125,0.6615,7,7,11,1,4,23.67506,-0.9607652,16
1,1100,1,0,33,12,3.6364,3.58,1960,39,12,6.0204,15800,0.7215,7,7,7.5,0,15,11.79996,1.290994,225
1,1516,0,1,54,16,2.3747,2.4,2550,55,12,2.9686,19742,0.7215,12,7,3,0,11,16.14195,0.8648711,121
1,900,0,4,35,8,4.6667,3.95,2500,41,12,7,22600,0.6915,10,7,9.5,0,7,18.39997,1.540452,49
1,1080,1,2,31,12,1.8519,2.25,2164,37,10,7.1627,17500,0.7215,7,7,7.5,0,0,15.49995,0.6162121,0
1,480,0,0,55,12,5.2,0,2640,60,12,4.7364,19820,0.6915,7,7,7.5,0,0,17.324,1.648659,0
1,288,0,2,34,12,3.2986,4.62,1936,36,12,8.781,20155,0.6915,12,16,11,1,10,19.205,1.193498,100
1,1875,0,1,38,13,8.5333,8.5,2136,41,12,9.8315,37300,0.58,10,12,7.5,1,8,21.30006,2.143976,64
1,630,0,1,45,11,2.0635,0,1955,51,10,6.6496,24860,0.7215,7,7,7.5,1,2,23.56,0.7244036,4
1,234,0,1,47,12,2.5641,2.5,1980,48,10,9.8485,21450,0.6615,12,3,7.5,1,4,20.85,0.9416075,16
1,1600,0,2,39,12,2.1875,0,2550,42,11,9.8039,29650,0.6215,7,7,5,1,6,26.15,0.7827594,36
1,960,1,0,36,14,6.25,0,2058,37,13,8.2604,23000,0.6615,7,7,11,1,18,17,1.832582,324
1,120,1,2,33,12,3.3333,0,2263,32,14,9.0676,21120,0.6915,7,7,9,1,3,20.72,1.203963,9
1,2025,0,0,50,12,4.4444,4.8,1763,54,13,8.5082,26000,0.6215,7,12,5,1,22,17.00009,1.491645,484
1,1809,0,0,58,12,6.6335,6.45,2096,59,14,7.1565,28000,0.6215,3,7,7.5,1,33,16,1.892133,1089
1,3087,0,0,49,17,8.4224,9.98,2059,47,13,7.0423,45500,0.52,12,12,11,1,28,19.50005,2.130895,784
1,910,0,2,41,14,4.3956,0,1820,40,17,6.5934,16000,0.7215,16,12,14,1,23,12,1.480604,529
1,1840,0,1,51,12,2.4457,2.5,2832,53,8,4.3457,18232,0.6915,7,14,11,0,27,13.73191,0.8943313,729
1,784,0,0,53,9,1.2245,2.25,1990,60,10,7.2362,28160,0.7215,3,7,14,1,11,27.19999,0.2025325,121
1,400,1,2,36,12,1.625,0,2000,40,7,1.74,5965,0.8015,12,7,11,1,6,5.315,0.4855078,36
1,1000,0,2,46,12,3,5.5,1885,46,12,6.8966,19000,0.7215,7,7,9.5,1,11,16,1.098612,121
1,1904,0,2,36,12,4.7269,4.2,2860,37,12,5.0455,36872,0.5515,12,12,11,1,14,27.87198,1.55327,196
1,1771,0,1,53,14,1.1293,9.98,1913,48,16,17.25,42000,0.4915,12,12,14,1,17,40.00001,0.121598,289
1,1486,0,3,40,16,7.4024,6.25,1800,54,16,8.3333,26900,0.6215,16,14,11,1,17,15.90003,2.001804,289
1,740,0,2,42,17,4.4595,1.65,2880,45,16,9.375,30800,0.5815,12,10,9,0,14,27.49997,1.495037,196
1,1820,1,1,33,15,2.4725,0,1993,32,16,8.279,21520,0.6915,12,12,11,1,11,17.02005,0.9052298,121
1,1275,0,3,43,12,1.8824,3,2250,47,14,4.5,24795,0.6915,7,7,7.5,1,7,22.39494,0.6325476,49
1,450,1,0,31,16,4,4,2286,30,16,4.1995,12900,0.7215,14,16,14,1,8,11.1,1.386294,64
1,1221,0,0,47,17,8.19,5.99,1880,47,16,16.064,42700,0.4915,7,7,7.5,1,6,32.70001,2.102914,36
1,1550,0,0,54,17,7.0968,6,2350,58,17,11.277,38800,0.5215,10,17,11,1,8,27.79996,1.959644,64
1,180,1,3,33,12,1.6667,0,3640,33,11,0.5494,2500,0.9415,7,3,3,0,4,2.199994,0.5108456,16
1,2090,0,0,43,16,3.445,3.85,1770,47,14,9.548,26921,0.6215,14,10,11,1,25,19.72095,1.236924,625
1,1960,0,1,46,13,4.2347,4.2,1875,49,13,5.3333,18300,0.6915,7,9,3,0,24,9.999988,1.443313,576
1,1440,0,3,35,12,2.7778,4.1,2200,38,9,5.4545,17200,0.7215,7,7,14,1,11,13.19997,1.021659,121
1,794,0,3,37,11,1.8892,3.85,2033,39,12,5.9026,14209,0.7515,12,3,9.5,1,19,12.70897,0.6361535,361
1,993,0,2,37,16,5.0352,8.3,2739,39,17,9.8576,32300,0.5815,12,16,14,1,9,27.30005,1.616453,81
1,160,0,3,34,14,1.25,0,1626,38,14,11.685,21400,0.7215,17,12,7.5,1,19,21.2,0.2231435,361
1,105,1,0,43,16,2.8571,0,2248,44,17,6.2278,14700,0.7215,7,7,9.5,0,14,14.4,1.049807,196
1,1200,0,0,46,12,4.1167,4.33,2140,48,12,9.1748,25516,0.6215,7,7,9.5,1,22,20.57596,1.415052,484
1,450,0,3,35,9,1.7778,2.6,1985,42,12,6.2972,13300,0.7515,3,7,5,1,6,12.49999,0.5753766,36
1,996,0,0,46,17,13.554,9.98,1528,59,17,10.471,31000,0.5815,12,12,9.5,1,23,17.50022,2.606682,529
1,1052,0,0,46,14,4.5627,4.9,1920,48,16,14.583,48800,0.4915,7,3,11,1,15,44.00004,1.517915,225
1,1128,0,2,43,12,2.1277,2.4,1918,46,10,6.2143,15519,0.7215,7,7,14,1,6,13.11895,0.7550416,36
1,1840,0,0,30,12,2.9891,3.75,2112,30,12,6.6288,19500,0.6915,7,7,7.5,0,11,14.00006,1.094972,121
1,1910,0,2,41,11,2.5654,2.57,2144,46,9,3.8246,14545,0.7215,3,7,5,0,2,9.645086,0.9421144,4
1,980,0,1,54,12,5.6122,5,1920,54,15,7.8125,22897,0.6915,7,7,14,1,22,17.39705,1.724943,484
1,2317,0,1,31,12,2.8054,3.87,2241,41,9,3.4806,14300,0.7215,10,10,7.5,1,10,7.799889,1.031546,100
1,1089,0,0,44,10,1.607,0,880,47,11,5.55,14884,0.7515,10,10,9.5,1,14,13.13398,0.4743691,196
1,800,0,1,32,12,2.25,0,2070,31,16,11.594,27400,0.6215,12,7,11,1,12,25.6,0.8109302,144
1,1230,0,0,47,5,2.0325,2.82,1050,53,5,9.5238,16400,0.7215,7,12,14,1,9,13.90003,0.7092666,81
1,1158,0,1,46,17,5.532,8.1,2635,57,17,7.2805,25704,0.6215,14,17,7.5,0,13,19.29794,1.710549,169
1,2272,0,0,37,11,1.5845,3.71,3000,47,8,3,12800,0.7215,10,10,7.5,0,18,9.200016,0.4602689,324
1,528,0,2,51,12,3.7879,0,2500,50,11,10.4,40000,0.6215,7,7,7.5,0,8,37.99999,1.331812,64
1,1000,0,1,49,12,3,0,1990,49,12,10.05,47000,0.6615,7,7,14,1,11,44,1.098612,121
1,520,0,4,36,14,8.6538,0,2390,37,13,8.7866,25872,0.6615,10,12,9.5,1,9,21.37202,2.157999,81
1,760,0,1,39,11,4.2105,3.95,1430,44,12,10.14,26868,0.6915,12,7,9.5,1,9,23.66802,1.437581,81
1,1920,0,2,48,12,4.6875,4.3,1800,50,8,5,18000,0.6915,12,12,9.5,1,14,9,1.544899,196
1,1220,0,2,38,14,4.0984,4.84,2103,43,17,11.888,30200,0.5815,7,7,5,1,9,25.19995,1.410597,81
1,200,0,2,40,12,25,3,1350,42,12,13.333,26220,0.6615,7,7,7.5,1,2,21.22,3.218876,4
1,2480,1,5,39,10,2.6331,4.2,2880,36,17,8.6806,40500,0.5815,7,7,3,0,12,33.96991,0.9681619,144
1,2750,0,0,37,16,6,9,2400,43,17,7.2917,33570,0.61,12,7,7.5,1,15,17.07,1.791759,225
1,2014,0,1,49,13,5.4126,4.05,1135,47,12,3.5242,16917,0.7215,7,14,14,1,11,6.016024,1.68873,121
1,1355,0,3,33,12,0.6642,1,2750,35,17,6.1818,18000,0.7215,12,7,9.5,0,7,17.10001,-0.409172,49
1,80,0,0,30,12,1.25,0,2085,32,16,2.9755,8337,0.7515,12,12,11,1,9,8.237,0.2231435,81
1,1670,0,0,54,12,2.2754,2.1,2600,56,8,4.5769,17100,0.7215,12,7,9.5,0,19,13.30008,0.8221558,361
1,520,0,4,39,11,3.4615,3.05,3542,40,12,3.1056,17800,0.7515,10,7,11,0,11,16.00002,1.241702,121
1,288,0,3,43,12,4.1667,3,1975,43,12,5.8228,13740,0.7515,12,12,14,1,8,12.53999,1.427124,64
1,2014,0,3,31,9,4.4687,4.26,2400,32,12,7.5,27000,0.6215,10,3,9.5,1,13,18.00004,1.497097,169
1,800,0,3,33,13,1.75,0,3000,37,14,8.3333,32600,0.6215,12,7,7.5,1,4,31.2,0.5596158,16
1,1984,0,3,40,12,3.6694,4.25,1960,39,14,9.2347,28030,0.6615,12,12,14,1,7,20.74991,1.300028,49
1,1823,0,1,36,12,6.5826,6,2000,39,9,5.5,23100,0.6615,12,12,3,0,19,11.09992,1.88443,361
1,1500,0,0,51,12,2.6,2,3000,51,12,6,24580,0.6615,7,7,9.5,1,14,20.68,0.9555114,196
1,2261,0,1,44,13,4.8651,5.5,2400,43,12,6.6667,29000,0.6215,12,7,9.5,1,14,18.00001,1.582087,196
1,1728,0,3,42,16,5.787,6.25,2450,48,14,13.061,42430,0.5215,12,14,9.5,1,3,32.43007,1.755614,9
1,1960,0,1,40,12,4.5408,5,2423,40,8,12.794,41800,0.5215,12,12,7.5,1,9,32.90003,1.513103,81
1,1578,1,1,34,16,9.5057,7.72,2000,33,16,12,39100,0.58,12,17,9.5,1,7,24.10001,2.251892,49
1,1316,0,0,30,17,10.638,7,2526,41,16,6.73,31800,0.5815,16,17,11,1,7,17.80039,2.364432,49
1,1530,0,0,54,12,1.1111,1.13,2695,53,12,6.679,22200,0.6915,7,7,14,0,14,20.50002,0.1053505,196
1,2220,0,0,51,12,4.0541,4.37,2048,54,12,4.3945,19500,0.6915,16,7,3,0,29,10.4999,1.399729,841
1,1336,0,2,44,9,2.6871,2.64,1920,46,11,4.6875,14027,0.7515,7,10,11,0,19,10.43703,0.9884625,361
1,1008,0,1,43,12,2.9762,2.5,2338,42,9,7.6989,21195,0.6615,7,7,11,1,14,18.19499,1.090647,196
1,1944,0,1,34,12,3.1728,3.23,2945,37,8,4.3287,19013,0.6915,10,7,7.5,0,16,12.84508,1.154614,256
1,2000,0,0,45,13,3.55,3.45,2047,52,12,6.7416,20900,0.6615,12,7,11,1,10,13.8,1.266948,100
1,258,0,0,39,12,17.907,0,1668,47,7,9.3525,26820,0.6215,10,3,11,0,12,22.2,2.885192,144
1,1785,0,0,50,12,3.4174,5.75,175,48,10,9.1429,12800,0.7515,0,0,14,1,24,6.699941,1.22888,576
1,480,0,0,52,12,3.3333,0,1798,53,12,2.6418,7850,0.7515,7,7,14,0,6,6.250016,1.203963,36
1,772,0,2,41,12,3.886,7.5,1222,45,12,7.365,18600,0.7215,12,12,7.5,1,9,15.60001,1.35738,81
1,900,0,0,59,10,2.3111,2.22,1820,59,7,1.4066,5380,0.7715,12,7,5,0,14,3.30001,0.8377236,196
1,1428,0,0,52,12,1.7108,2.5,1560,60,8,1.5192,6114,0.7715,10,7,14,0,26,3.670978,0.5369611,676
1,210,0,0,46,16,2.1143,4,2210,49,12,3.3439,8234,0.7515,12,12,14,0,7,7.789997,0.7487238,49
1,239,1,5,41,12,9.9331,4.5,2874,48,16,2.9106,20646,0.7215,3,7,11,1,4,18.27199,2.295873,16
1,1878,0,2,33,11,3.0277,3.5,2499,35,8,4.3834,16640,0.7215,7,7,9.5,0,15,10.95398,1.107803,225
1,215,0,0,45,12,1.8605,2.3,3088,38,12,4.2098,13900,0.7215,12,12,5,1,23,13.49999,0.6208453,529
1,2340,1,2,36,10,0.1282,0,2020,37,8,3.7129,11500,0.7815,10,7,7.5,0,1,11.20001,-2.054164,1
1,1960,0,1,48,12,6.6327,6.3,1980,56,10,10.606,34000,0.5515,7,7,14,1,29,20.99991,1.892012,841
1,532,0,1,47,12,5.6391,3.6,1968,47,11,8.6382,28700,0.6615,7,3,11,1,9,25.7,1.729725,81
1,394,0,0,45,12,1.599,2.5,2100,45,12,3.8367,9563,0.7515,7,7,7.5,0,6,8.932994,0.4693784,36
1,675,0,2,37,12,2.6667,3,2651,48,17,7.1671,20960,0.6915,7,7,7.5,0,11,19.15998,0.9808417,121
1,1515,0,4,46,16,7.9208,6.8,1918,49,14,8.8634,38590,0.6215,12,10,14,1,17,26.58999,2.069492,289
1,1030,0,3,43,17,5.3398,5.8,2585,46,16,7.7369,27900,0.6615,12,12,5,1,6,22.40001,1.675188,36
1,1250,0,2,42,12,4,4,2250,46,17,9.1702,25633,0.6215,7,7,7.5,1,7,20.633,1.386294,49
1,1158,1,2,34,17,6.0449,5.1,2480,39,17,11.29,35200,0.5515,12,12,7.5,1,2,28.20001,1.799215,4
1,112,0,0,52,12,6.25,0,2924,53,12,6.3269,29500,0.5815,7,7,7.5,1,24,28.8,1.832582,576
1,336,0,3,37,12,2.9762,2.2,1896,52,9,4.7468,10000,0.7515,10,7,7.5,0,4,8.999997,1.090647,16
1,1984,0,1,37,12,4.2339,4.78,2332,40,12,4.8885,19800,0.6915,10,7,5,0,11,11.39994,1.443124,121
1,716,0,0,52,8,3.4916,2.2,3482,59,7,2.4842,12900,0.7215,7,7,5,0,25,10.40001,1.25036,625
1,1410,1,0,30,12,4.9645,1.28,2106,30,14,8.547,26080,0.6215,12,12,7.5,0,11,19.08006,1.602313,121
1,1300,0,1,31,13,2.7692,0,1160,32,12,6.6379,13066,0.7515,17,7,11,1,2,9.46604,1.018559,4
1,1640,0,1,38,12,3.6585,3.25,2040,46,12,3.1863,12500,0.7215,7,7,7.5,0,19,6.50006,1.297053,361
1,1202,0,3,43,12,5.3935,0,2856,48,16,4.5466,35600,0.5815,7,7,9,1,7,29.11701,1.685194,49
1,489,0,1,49,8,0.6564,2.29,950,51,8,12.789,19424,0.7515,7,7,5,1,2,19.10302,-0.4209849,4
1,2076,0,0,55,12,4.7688,4.68,2068,58,10,6.528,26250,0.6615,7,7,5,1,20,16.34997,1.562095,400
1,526,0,2,38,17,8.5551,4.2,1896,42,17,16.403,36525,0.5515,12,14,9.5,1,10,32.02502,2.146528,100
1,1721,0,0,52,17,10.459,9.5,2000,56,16,7,34700,0.61,14,17,14,1,19,16.70006,2.347463,361
1,1327,0,0,48,12,2.6375,2.57,288,51,11,13.542,8311,0.7515,7,7,11,1,17,4.811038,0.9698315,289
1,584,0,2,32,13,6.8493,4.32,2160,33,12,6.713,28626,0.6915,12,10,11,1,12,24.62601,1.924146,144
1,1376,0,1,32,12,5.0872,5,3120,33,17,5.4487,24400,0.6615,7,7,5,1,11,17.40001,1.626728,121
1,1040,0,2,38,12,0.9615,0,1944,41,17,6.6872,14025,0.7215,7,7,7.5,1,6,13.02504,-0.0392607,36
1,548,0,3,46,12,4.3066,3.69,2046,47,12,9.0943,21367,0.6915,16,12,14,1,10,19.00698,1.460149,100
1,15,0,3,40,12,7.0667,0,2005,42,9,6.5337,14136,0.7515,7,7,7.5,0,4,14.03,1.955394,16
1,1980,0,4,31,9,2.5253,2.56,2070,36,10,4.686,19900,0.7515,10,7,5,1,2,14.89991,0.9263599,4
1,1520,0,1,43,10,7.8947,5,3000,50,12,8,37000,0.5215,12,9,9.5,1,13,25.00006,2.066192,169
1,1880,0,0,51,12,4.1489,3.9,2640,51,12,4.053,18500,0.6915,7,7,7.5,0,21,10.70007,1.422843,441
1,1260,1,0,30,16,8.1746,8.17,2450,34,17,8.1633,34550,0.5515,16,14,5,1,9,24.25,2.101032,81
1,1092,0,0,52,13,9.5971,0,1000,53,15,16.5,49620,0.4615,10,7,11,1,4,39.13997,2.261461,16
1,1587,1,5,30,8,2.0164,2.3,2080,33,8,3.4615,10400,0.7815,3,3,7.5,0,2,7.199973,0.7013138,4
1,156,0,0,51,16,7.6218,0,2413,51,16,11.361,33000,0.5515,16,16,11,1,19,31.811,2.031013,361
1,1939,0,2,31,13,3.1975,3.43,2570,31,12,3.8911,16200,0.7215,7,3,7.5,1,4,10.00005,1.162369,16
1,1250,0,4,34,12,1.6,1.36,2030,52,12,9.6059,22660,0.6915,12,16,7.5,1,9,20.66,0.4700036,81
1,610,0,0,49,11,4.0984,4,4684,59,17,2.6687,16000,0.7215,7,7,7.5,1,14,13.49998,1.410597,196
1,270,1,3,35,13,1.4815,5,2802,41,17,8.8865,25780,0.6615,7,16,9.5,1,6,25.38,0.3930551,36
1,660,1,0,53,12,3.6364,3.15,2090,59,12,6.3636,20675,0.7215,7,12,7.5,1,24,18.27498,1.290994,576
1,1000,0,3,32,12,1,0,2053,46,16,17.728,40213,0.5515,12,7,11,0,1,39.213,0,1
1,1920,0,3,38,10,2.6042,2.93,1984,42,10,5.2923,15500,0.7215,12,7,7.5,1,13,10.49994,0.9571255,169
1,200,0,0,54,12,1.75,0,2040,54,16,15.686,35207,0.5815,7,12,9.5,1,3,34.857,0.5596158,9
1,1500,0,1,47,17,4.8,3.6,2794,58,8,5.2423,35702,0.5515,10,12,11,1,10,28.502,1.568616,100
1,868,0,1,45,15,5.53,6,3290,47,14,3.0395,17800,0.7215,14,12,9.5,1,16,12.99996,1.710188,256
1,2318,0,1,47,16,4.0984,4.2,1911,46,16,16.745,50900,0.4915,16,16,5,1,9,41.39991,1.410597,81
1,2000,0,0,59,10,1.25,0,2000,60,12,3.75,17280,0.6915,7,7,5,0,19,14.78,0.2231435,361
1,60,0,1,32,11,1.6667,0,2580,31,12,5.814,15150,0.7215,10,9,5,1,4,15.05,0.5108456,16
1,1715,0,1,45,12,3.7901,3.38,2400,49,17,10.833,36200,0.5815,7,7,7.5,1,10,29.69998,1.332392,100
1,550,0,4,40,12,2.3636,2.26,1740,47,12,9.0029,17465,0.7215,14,12,5,1,5,16.16502,0.8601859,25
1,1960,0,2,47,14,10.204,0,2500,50,12,6.54,45205,0.61,14,12,3,1,7,25.20516,2.32278,49
1,44,1,2,36,16,6.8182,1.36,1840,37,17,5.9783,14500,0.7515,12,10,5,0,3,14.2,1.919595,9
1,1920,0,0,56,14,7.2146,6.92,2036,56,14,8.6248,32011,0.5815,7,7,7.5,0,38,18.15897,1.976107,1444
1,2540,0,1,41,8,2.4484,0,3536,43,11,4.8329,35200,0.6215,7,12,9.5,0,16,28.98106,0.8954347,256
1,156,0,3,48,7,1.1987,0,880,51,11,10.909,13579,0.7515,3,7,11,0,13,13.392,0.1812376,169
1,780,1,2,36,12,1.641,0,2007,38,12,3.8864,10455,0.7515,7,7,11,0,1,9.17502,0.4953058,1
1,3120,0,0,41,12,1.7821,0,2632,44,13,8.4574,32600,0.5515,7,3,5,0,7,27.03985,0.5777924,49
1,2040,0,0,41,14,2.9412,2.8,2600,43,12,5,19150,0.6915,7,10,11,1,15,13.14995,1.078818,225
1,1610,0,3,36,12,4.9689,4.25,2156,36,13,7.4212,24400,0.6615,12,17,9.5,1,10,16.40007,1.603199,100
1,215,0,3,37,12,1.8605,0,3625,41,12,4.4938,21700,0.6915,10,7,3,0,2,21.29999,0.6208453,4
1,1120,0,0,38,12,8.0357,0,2420,42,12,7.0252,26201,0.6215,7,3,9.5,1,19,17.20102,2.083894,361
1,846,0,2,43,14,3.9716,4.2,2080,43,9,3.2788,11920,0.7515,3,3,7.5,1,25,8.560026,1.379169,625
1,3225,0,0,54,16,3.0416,0,3443,59,17,1.2861,16300,0.7215,12,12,9.5,1,25,6.49084,1.112384,625
1,1376,0,1,38,12,2.907,3.75,2250,41,12,5.5556,16500,0.7215,7,7,5,1,7,12.49997,1.067122,49
1,980,1,0,30,12,3.0612,3.6,2535,34,16,7.4951,30000,0.5815,12,7,11,1,15,27.00002,1.118807,225
1,1838,0,0,49,12,4.8966,5,2352,48,15,22.109,62500,0.4415,7,7,9.5,1,11,53.50005,1.588541,121
1,1494,0,1,45,13,4.0161,2.5,3036,49,6,9.058,58500,0.4415,10,10,9.5,1,25,52.49995,1.390311,625
1,450,0,0,51,13,5.5556,3.5,2600,57,14,11.538,40900,0.5215,7,7,9.5,1,19,38.39998,1.714806,361
1,1976,0,0,34,10,1.2227,2.45,2223,39,7,6.0468,16308,0.6915,0,10,7.5,1,4,13.89194,0.2010615,16
1,2012,0,2,34,12,2.6839,3.61,2666,34,10,1.3653,9300,0.7515,7,7,7.5,1,14,3.899993,0.987271,196
1,561,0,1,41,12,2.6738,3.25,2006,41,17,16.55,35700,0.5515,10,9,7.5,1,19,34.2,0.9835007,361
1,1715,0,1,49,12,9.3294,7.05,1710,49,17,8.7719,35700,0.64,9,9,11,1,18,19.70008,2.233171,324
1,1912,0,0,32,12,3.1381,3.6,1920,46,14,9.6354,24500,0.6615,12,12,5,1,14,18.49995,1.143618,196
1,3686,0,0,32,14,0.5426,0,1647,39,14,6.6788,13000,0.7215,12,12,7.5,1,11,10.99998,-0.6113829,121
1,1080,0,2,32,17,8.6111,4.65,3080,35,15,7.5727,52600,0.4415,12,12,5,0,4,43.30001,2.153052,16
1,1799,0,0,47,10,3.6687,3.25,1920,48,10,7.8125,25360,0.6615,3,7,7.5,1,29,18.76001,1.299837,841
1,1984,0,1,39,9,2.3185,2.3,2420,47,4,1.9835,9400,0.7515,9,9,7.5,0,21,4.800096,0.8409204,441
1,1839,0,0,49,12,2.882,3.27,2205,53,15,9.5238,26800,0.6215,12,12,11,1,24,21.5,1.058484,576
1,1579,0,3,37,12,3.1666,0,3035,39,14,6.425,33040,0.6615,12,7,7.5,1,19,28.03994,1.152658,361
1,96,0,0,59,16,3.6458,0,2185,60,15,10.984,26350,0.6215,14,12,7.5,1,31,26,1.293576,961
1,1920,0,0,50,12,6.25,5.47,1880,56,12,12.766,39000,0.5215,7,7,14,1,28,27,1.832582,784
1,1688,0,1,32,17,10.249,9.8,1863,33,17,9.5545,35100,0.61,12,12,9.5,1,15,17.79969,2.32718,225
1,1589,0,0,46,12,3.2096,5.54,2456,48,16,5.4967,22502,0.6615,12,12,11,0,27,17.40195,1.166146,729
1,345,0,2,43,17,7.6522,5,1847,46,17,9.7618,21950,0.6915,12,14,14,0,13,19.30999,2.034993,169
1,1521,0,3,37,11,1.9724,2.3,2000,42,6,5,13000,0.7515,7,7,7.5,0,4,9.99998,0.6792511,16
1,1490,0,2,32,16,4.698,3.9,1856,35,14,5.9995,18180,0.7215,12,14,9,1,10,11.17998,1.547137,100
1,989,0,1,39,11,2.1234,2.76,1880,43,14,6.9149,20957,0.6915,10,10,9,1,8,18.85696,0.7530186,64
1,600,0,2,34,13,2.3333,2.9,3020,35,12,4.9669,13700,0.7215,12,12,7.5,0,4,12.30002,0.8472836,16
1,2646,0,1,39,11,2.3896,0,2646,41,8,2.3896,20000,0.6915,7,7,5,1,18,13.67712,0.871126,324
1,2149,0,3,45,8,1.2564,2.5,1640,48,9,4.5122,12260,0.7515,7,7,5,1,3,9.559997,0.2282505,9
1,320,0,0,50,11,1.0938,0,1950,54,11,9.2308,24850,0.6615,3,12,7.5,1,11,24.49998,0.0896578,121
1,1600,0,1,40,12,3.75,3.3,1920,39,12,11.458,29150,0.5815,12,7,7.5,1,8,23.15,1.321756,64
1,2419,0,1,30,10,3.3072,3.9,2025,34,12,7.6993,23591,0.6615,7,7,11,1,10,15.59088,1.196102,100
1,2005,0,0,57,17,5.1352,5.25,2470,56,17,4.183,24717,0.6615,16,12,11,1,33,14.42092,1.636119,1089
1,1960,0,1,39,12,6.6327,3.6,1800,43,12,8.3333,30455,0.6215,12,12,9,1,19,17.45491,1.892012,361
1,2147,0,0,53,12,4.5645,4.9,1920,56,8,5.1042,19600,0.6915,12,12,7.5,1,35,9.800019,1.518309,1225
1,1207,0,1,48,17,11.848,7.15,2039,53,17,8.2271,31875,0.64,7,12,5,1,21,17.57446,2.472159,441
1,2000,0,1,46,14,3.75,3.75,2570,48,16,5.6634,24055,0.6615,14,14,7.5,0,7,16.555,1.321756,49
1,1260,0,0,47,12,4.3651,4.35,1914,54,12,5.222,18795,0.7215,7,10,7.5,0,18,13.29497,1.473641,324
1,90,0,1,43,12,3.9333,4,1516,47,10,7.19,12198,0.7515,7,7,7.5,0,4,11.844,1.369479,16
1,1800,0,0,47,12,3.3333,3.25,2520,47,16,13.907,52645,0.4915,12,7,7.5,1,12,46.64506,1.203963,144
1,573,0,1,47,12,3.3159,2.2,2327,48,12,6.0163,16600,0.7215,10,7,14,0,16,14.69999,1.198729,256
1,1825,0,0,47,12,3.5616,3,2188,50,12,7.6782,32590,0.6215,7,7,7.5,1,14,26.09008,1.27021,196
1,75,0,0,46,12,1.6,0,1864,48,12,5.3112,10020,0.7515,3,7,7.5,1,3,9.9,0.4700036,9
1,1348,0,4,34,9,2.2255,2.3,2183,33,10,4.1228,12048,0.7515,7,7,11,0,1,9.048026,0.7999817,1
1,1880,0,0,48,10,4.7872,4.25,1920,55,12,7.8125,39750,0.6215,7,7,11,0,27,30.75006,1.565946,729
1,1240,0,1,30,12,5.8065,6.9,1824,31,12,4.6053,15700,0.7215,10,7,7.5,1,12,8.49994,1.758978,144
1,848,0,1,51,12,2.3585,2.3,2878,54,12,3.9746,24250,0.6615,7,7,3,0,6,22.24999,0.8580258,36
1,150,0,5,52,12,2,0,2390,54,16,15.063,43210,0.5215,7,12,14,1,9,42.91,0.6931472,81
1,2000,0,2,37,12,1.9,1.85,3120,39,13,4.5064,37100,0.6215,12,12,5,0,2,33.3,0.6418539,4
1,1952,0,2,32,12,5.123,3.25,2040,33,12,5.8824,23820,0.6615,12,7,5,0,6,13.8199,1.63374,36
1,1456,0,2,36,17,5.4945,6.04,2151,35,15,10.228,31600,0.5815,12,14,5,1,9,23.60001,1.703748,81
1,1740,0,2,35,12,6.3218,5.5,1976,37,14,6.5789,24000,0.6615,10,10,7.5,1,16,13.00007,1.844004,256
1,1400,0,0,45,17,7.1429,7.14,2286,51,16,8.8145,30750,0.5815,14,12,5,0,22,20.74994,1.966119,484
1,2000,0,0,56,12,2.375,2.7,2032,60,10,2.9528,11050,0.7515,7,7,14,0,26,6.3,0.8649974,676
1,1750,0,2,40,10,2.5429,2.74,1680,45,4,4.5173,12239,0.7515,7,7,14,0,11,7.788925,0.9333052,121
1,1101,1,2,45,12,2.1798,2.3,1560,49,14,5.1282,12870,0.7515,14,12,7.5,1,11,10.47004,0.7792332,121
1,2000,0,2,32,12,2.6,2.5,2895,30,12,4.1451,17200,0.7215,10,7,7.5,0,15,12,0.9555114,225
1,1877,0,0,45,12,3.7294,3.6,1820,50,8,8.7912,23980,0.6615,10,10,7.5,0,13,16.97992,1.316247,169
1,160,0,2,40,12,4.375,1.85,2450,44,12,7.3061,18600,0.6915,7,12,14,1,6,17.9,1.475906,36
1,1886,0,1,38,12,4.4433,4,1748,42,8,6.0069,23920,0.6915,7,10,9.5,1,20,15.53994,1.491397,400
1,1446,0,4,49,12,4.2877,4.4,1020,45,12,8.3333,16084,0.7515,7,7,14,1,17,9.883986,1.45575,289
1,1500,0,1,47,16,1.6667,1.5,2342,49,17,11.529,31100,0.5815,14,14,11,1,8,28.59995,0.5108456,64
1,860,0,0,52,13,3.2558,5.83,2250,53,12,6.6667,20460,0.6615,7,7,11,1,13,17.66001,1.180438,169
1,1848,0,1,34,13,5.4113,6,2880,40,16,8.6806,36000,0.5515,12,12,7.5,1,15,25.99992,1.688489,225
1,1678,0,2,44,12,2.205,2.3,2032,46,12,3.468,17302,0.7215,14,12,3,0,14,13.60201,0.7907275,196
1,160,0,3,36,16,4.0625,0,3120,42,16,3.0321,16450,0.7215,14,7,3,0,14,15.8,1.401799,196
1,108,0,0,50,17,0.6482,0,1760,57,16,13.807,41170,0.5815,14,16,9.5,1,6,41.09999,-0.433556,36
1,1738,0,0,45,12,5.3826,6.18,1725,47,12,6.2174,20130,0.6615,0,0,7.5,1,24,10.77504,1.683172,576
1,1170,0,2,44,14,0.1709,0,2080,46,13,4.2308,9200,0.7515,16,12,9.5,1,10,9.000047,-1.766677,100
1,15,0,2,57,12,23.467,0,2040,57,10,11.47,24751,0.6615,7,7,11,1,2,24.39899,3.155595,4
1,2088,0,0,35,17,9.5785,9.98,2940,42,17,12.245,57300,0.5,12,17,9.5,1,9,37.30009,2.259521,81
1,2490,0,0,46,12,3.6948,3.77,2280,52,12,9.2105,37200,0.5815,7,7,7.5,1,23,27.99995,1.306926,529
1,135,2,1,30,14,2.2222,0,2164,35,16,6.3309,14000,0.7215,10,12,14,1,12,13.7,0.7984977,144
1,1944,0,3,42,12,1.749,2.3,1999,44,12,7.8039,20610,0.6915,7,3,14,0,8,17.20994,0.5590442,64
1,690,0,1,34,12,1.1594,2.25,1824,36,13,7.6754,14800,0.7215,10,7,7.5,1,16,14.00001,0.1479026,256
1,608,0,2,45,17,6.9901,3,2182,47,16,15.582,40005,0.5515,10,14,14,1,10,35.75502,1.944495,100
1,63,1,2,35,16,3.9683,0,2385,37,16,9.6436,23750,0.6615,14,7,14,1,7,23.5,1.378338,49
1,154,0,0,40,16,21.429,8.13,2460,44,17,12.886,35300,0.5515,7,12,14,1,19,31.99993,3.064745,361
1,420,0,1,32,12,0.4762,2.85,2595,35,16,6.5511,17350,0.6915,12,12,7.5,1,2,17.15,-0.7419173,4
1,651,0,0,54,9,2.1505,1.44,2400,57,10,8.25,21650,0.6615,7,7,7.5,1,9,20.25002,0.7657004,81
1,675,0,3,38,12,1.8578,2.2,3120,42,8,1.3792,6740,0.7915,7,7,14,0,14,5.485985,0.619393,196
1,1663,0,3,43,12,4.3295,3.6,2850,42,12,5.2632,32275,0.6915,12,14,5,1,9,25.07504,1.465452,81
1,1680,0,0,54,16,8.9286,7,760,60,12,10.526,33220,0.72,14,7,9.5,1,16,18.21995,2.18926,256
1,180,0,3,39,14,2.7778,4,2500,37,17,10,26500,0.6215,12,12,7.5,1,7,26,1.021659,49
1,1581,0,1,37,12,2.6565,3.25,2630,39,14,12.548,38700,0.5215,7,12,5,1,6,34.50007,0.9770095,36
1,1200,0,2,46,12,2.5,3.08,2597,48,8,4.6207,15400,0.7215,7,7,5,1,22,12.4,0.9162908,484
1,450,0,0,56,11,18.267,0,2760,60,11,1.854,19007,0.6915,7,7,3,0,9,10.78685,2.905096,81
1,547,0,3,41,12,0.819,2,2070,44,8,7.4266,16771,0.7215,12,7,7.5,0,9,16.32301,-0.1996712,81
1,300,0,1,45,16,2,0,2256,48,16,13.298,31100,0.5815,16,7,11,1,14,30.5,0.6931472,196
1,975,0,1,44,17,15.385,8.5,1505,47,16,26.578,66300,0.5,3,3,7.5,1,17,51.29963,2.733393,289
1,1621,0,1,50,17,6.4775,0,2364,52,17,13.959,43550,0.4915,16,12,5,0,12,33.04997,1.868335,144
1,300,0,5,37,14,8.3333,3.5,2895,38,14,13.126,37250,0.6215,7,7,11,0,13,34.75001,2.12026,169
1,1868,0,1,44,12,4.5503,4.25,2041,46,12,7.8883,24900,0.6615,16,7,14,0,8,16.40004,1.515193,64
1,1803,0,2,32,14,2.4958,1.9,2195,34,17,8.656,24200,0.6615,7,14,9.5,1,10,19.70007,0.9146093,100
1,2143,1,1,34,12,4.4797,4.8,1935,40,12,3.4109,16200,0.7215,10,10,14,0,16,6.600003,1.499556,256
1,1080,0,2,32,10,2.2324,2.3,1950,35,10,4.6256,11431,0.7515,10,10,7.5,0,1,9.020008,0.8030772,1
1,1352,0,3,37,12,2.071,1.8,2375,38,14,4.2105,13200,0.7515,10,10,11,0,6,10.40001,0.7280316,36
1,537,0,1,44,13,1.676,0,1920,55,8,4.2708,15420,0.7715,10,10,9,1,4,14.51999,0.51641,16
1,352,0,2,34,16,3.4091,0,3300,33,12,3.3424,18400,0.6915,12,12,14,0,8,17.2,1.226448,64
1,200,1,3,33,12,2.5,8,3680,33,16,8.6359,43500,0.4915,10,3,5,1,4,43,0.9162908,16
1,2045,0,3,43,7,3.9609,4.07,1968,43,12,6.7581,21972,0.6915,7,7,7.5,1,15,13.87196,1.376471,225
1,1253,0,2,35,16,6.2275,3.97,2504,33,10,0.5843,7774,0.7715,16,16,11,0,7,-0.0290575,1.828975,49
1,1960,0,1,43,14,3.9286,3.85,2000,45,14,5.335,24470,0.6915,7,7,7.5,0,14,16.76994,1.368283,196
1,2000,0,0,34,12,2.9,2.5,1656,37,12,4.7101,13600,0.7215,7,7,7.5,0,16,7.8,1.064711,256
1,1960,0,3,36,10,4.0816,4.55,1968,39,7,4.9797,22500,0.7215,7,0,7.5,0,15,14.50006,1.406489,225
1,2000,0,2,41,12,2.85,4.2,2016,41,12,2.9762,13600,0.7215,7,7,14,0,23,7.9,1.047319,529
1,1568,0,0,41,16,7.0153,6.31,2602,44,17,12.744,90800,0.4415,7,7,7.5,0,19,79.80001,1.948093,361
1,1225,0,3,35,10,2.9388,2.4,1560,43,9,3.8462,10776,0.7515,10,10,7.5,0,4,7.17597,1.078001,16
1,780,1,3,32,12,1.9231,3.25,1827,37,10,7.2233,19007,0.7515,10,7,5,1,12,17.50698,0.6539385,144
1,480,0,0,30,14,6.875,0,2080,34,14,8.8077,23900,0.6615,12,12,14,1,12,20.6,1.927892,144
1,1923,0,0,43,12,3.9002,4.74,3390,47,12,5.3864,26060,0.6215,7,7,7.5,1,25,18.55992,1.361028,625
1,2000,0,0,54,6,2,0,2524,57,6,3.6846,13300,0.7215,7,7,7.5,0,14,9.3,0.6931472,196
1,2110,0,2,35,15,4.9763,4.37,2777,34,12,1.8437,15620,0.7215,7,7,7.5,0,14,5.120008,1.604687,196
1,1664,0,0,50,12,1.2019,5,3120,54,13,1.3013,16500,0.7215,7,7,7.5,0,11,14.50004,0.1839036,121
1,48,1,1,34,17,22.5,0,2700,36,17,7.2222,20880,0.6915,14,16,5,1,7,19.8,3.113515,49
1,1791,0,0,52,14,6.8677,6.18,1904,57,12,7.3529,30600,0.6615,14,12,9.5,1,18,18.29995,1.926829,324
1,1404,0,3,35,13,3.5613,5.3,2360,38,14,11.864,39000,0.6215,7,10,9,1,4,33.99994,1.270126,16
1,1920,0,0,55,6,1.9792,2.58,1960,58,8,5.3327,15428,0.7215,7,7,7.5,0,37,11.62794,0.6826927,1369
1,2141,0,0,35,16,5.3713,6,2000,42,16,5.5,23300,0.6615,7,7,7.5,0,13,11.80005,1.68107,169
1,1720,0,1,49,14,1.7442,0,2600,45,16,7.2308,42100,0.5215,16,16,9.5,1,14,39.09998,0.556296,196
1,3533,2,2,38,15,5.0948,8.5,2000,38,9,7,36430,0.64,12,7,9.5,1,17,18.43007,1.62822,289
1,2000,0,2,42,14,2.5,0,2218,45,14,7.2137,26000,0.6915,7,7,9.5,1,5,21,0.9162908,25
1,800,0,1,48,8,3.825,2.3,2000,52,5,4.5,62060,0.7515,7,7,7.5,0,2,59,1.341558,4
1,3000,0,0,51,14,1,0,2595,53,16,8.8632,28300,0.6215,12,12,9.5,1,0,25.3,0,0
1,293,0,2,43,12,3.0717,4,2400,47,12,9.3333,24149,0.6615,12,10,7.5,1,3,23.24899,1.122231,9
1,1872,0,1,43,12,1.7163,0,2856,48,12,3.8263,28141,0.6615,12,10,7.5,1,21,24.92809,0.5401708,441
1,2058,0,1,38,12,4.0209,4,2601,38,14,5.4448,23057,0.6615,10,10,7.5,1,20,14.78199,1.391506,400
1,1832,0,1,44,12,5.4585,4.95,2054,48,9,8.7634,28900,0.6215,3,7,7.5,1,19,18.90003,1.697174,361
1,120,1,3,36,12,25,9.98,2500,35,12,8.4,24000,0.6615,12,10,9.5,1,4,21,3.218876,16
1,1632,0,0,38,12,2.3897,2.3,1960,31,12,5.102,13900,0.7215,12,12,7.5,0,19,10.00001,0.8711678,361
1,778,0,0,47,8,3.2134,7.25,2058,51,8,7.4101,31810,0.6915,12,12,5,1,11,29.30997,1.16733,121
1,1984,0,2,34,12,3.377,3.14,2410,49,10,5.3527,19840,0.6915,7,7,7.5,0,14,13.14003,1.216988,196
1,225,1,2,40,17,1.7778,0,1278,38,17,19.562,25490,0.6615,16,17,14,1,8,25.08999,0.5753766,64
1,1960,0,1,31,12,3.1633,3.18,2875,35,12,5.0783,20800,0.6915,12,12,7.5,0,13,14.59993,1.151616,169
1,444,0,0,46,12,2.7027,0,2340,49,12,0.5128,2400,0.8015,10,16,7.5,1,24,1.200001,0.9942513,576
1,384,0,3,36,14,1.6927,0,3060,43,17,5.402,32650,0.5815,10,10,14,1,1,32,0.5263249,1
1,1170,1,2,39,13,0.2137,0,1920,47,12,7.8646,16370,0.7215,12,16,11,1,1,16.11997,-1.543182,1
1,1330,0,2,36,17,6.7669,4.5,3390,38,12,6.0531,35500,0.5515,7,7,14,0,3,26.50002,1.912043,9
1,1350,0,4,37,8,1.7407,2.1,2400,41,12,5,15100,0.7515,7,7,3,0,4,12.75006,0.5542873,16
1,480,0,4,39,12,2.5,0,1640,40,11,7.6829,14100,0.7515,7,9,3,0,21,12.9,0.9162908,441
1,1984,1,3,36,11,4.4859,3.26,1656,38,8,6.0386,19600,0.7215,7,3,14,0,10,10.69998,1.500939,100
1,1944,0,2,49,12,2.572,2.7,1920,53,16,5.851,19434,0.7215,7,7,5,1,13,14.43403,0.9446838,169
1,50,1,1,45,12,3.46,5,1780,46,10,6.7416,23882,0.7215,7,7,9.5,1,9,23.709,1.241269,81
1,460,2,0,32,17,4.7826,0,1850,31,17,8.1081,17300,0.7215,7,7,7.5,0,14,15.1,1.564984,196
1,680,0,5,36,10,2.3118,0,3430,43,12,5.3061,19772,0.7215,7,7,7.5,0,2,18.19998,0.8380265,4
1,2450,0,1,40,12,5.3061,6.5,2008,40,8,7.2709,35641,0.6215,7,7,5,1,21,22.64106,1.668857,441
1,2144,0,2,43,13,5.8675,0,2140,43,11,8.1776,34220,0.5815,7,7,7.5,1,22,21.64008,1.769429,484
1,1760,0,1,33,12,3.4091,3.21,3380,34,12,7.1006,30000,0.5815,12,16,11,1,14,23.99998,1.226448,196
1,490,0,1,30,12,4.0816,2.46,2430,33,11,6.5844,18000,0.6915,12,12,7.5,1,7,16.00002,1.406489,49
0,0,0,1,49,12,0,0,2550,54,15,7.8529,21025,0.6615,14,12,7.5,1,2,21.025,NA,4
0,0,2,0,30,16,0,0,1928,34,16,11.929,23600,0.6615,14,7,9.5,1,5,23.6,NA,25
0,0,1,0,30,12,0,0,1100,39,17,18,22800,0.6615,12,12,7.5,0,12,22.8,NA,144
0,0,0,4,41,12,0,0,3193,40,16,10.022,35910,0.5815,7,7,7.5,1,1,35.91,NA,1
0,0,0,1,45,12,0,0,2250,46,16,9.3333,21700,0.6615,7,7,5,1,12,21.7,NA,144
0,0,0,5,43,12,0,0,2012,44,13,6.085,21823,0.7515,7,7,7.5,1,4,21.823,NA,16
0,0,0,1,42,13,0,0,3856,46,15,5.7054,31000,0.6615,10,7,11,1,9,31,NA,81
0,0,0,0,60,12,0,0,1645,58,12,9.1185,15300,0.7215,7,7,7.5,1,9,15.3,NA,81
0,0,0,0,57,12,0,0,1554,57,12,7.2072,12925,0.7215,9,3,7.5,1,6,12.925,NA,36
0,0,0,2,38,10,0,0,2352,41,8,5.3146,15830,0.7515,12,7,5,0,5,15.83,NA,25
0,0,0,0,56,12,0,0,1980,58,12,8.2828,30200,0.6915,12,12,7.5,1,5,30.2,NA,25
0,0,0,3,32,12,0,0,2352,37,7,7.0578,16600,0.7215,10,7,5,0,8,16.6,NA,64
0,0,0,1,49,7,0,0,1784,58,6,6.1659,11000,0.7515,7,7,7.5,1,2,11,NA,4
0,0,0,0,55,12,0,0,2500,58,12,2.7,15000,0.7215,7,10,3,0,6,15,NA,36
0,0,1,1,36,9,0,0,2088,39,14,7.6628,20528,0.7215,7,7,11,0,0,20.528,NA,0
0,0,0,3,44,12,0,0,4640,50,12,1.8491,13126,0.7515,9,9,14,0,3,13.126,NA,9
0,0,0,1,44,10,0,0,3900,60,12,3.8462,15550,0.7215,7,14,7.5,1,7,15.55,NA,49
0,0,1,2,35,14,0,0,1988,34,17,9.0543,18010,0.7215,3,12,7.5,1,3,18.01,NA,9
0,0,2,3,44,14,0,0,1920,45,10,9.375,18874,0.7215,10,10,14,0,10,18.874,NA,100
0,0,0,1,45,12,0,0,2400,45,12,8.3333,24800,0.6615,12,12,14,1,3,24.8,NA,9
0,0,1,0,34,12,0,0,1867,38,12,9.3733,17500,0.6915,12,17,5,1,2,17.5,NA,4
0,0,2,0,30,17,0,0,3570,32,17,4.4818,16150,0.7215,12,12,7.5,1,12,16.15,NA,144
0,0,0,1,39,8,0,0,2805,44,12,5.3476,15189,0.7215,7,3,3,0,15,15.189,NA,225
0,0,0,2,36,12,0,0,1110,39,15,3.2027,6000,0.7815,7,7,14,0,5,6,NA,25
0,0,0,2,38,17,0,0,2695,42,16,12.801,37250,0.5515,10,12,9.5,1,4,37.25,NA,16
0,0,0,0,53,12,0,0,1950,54,16,6.9103,27760,0.6215,10,10,7.5,1,10,27.76,NA,100
0,0,0,2,36,12,0,0,2128,42,12,4.2293,9090,0.7715,7,7,3,0,1,9.09,NA,1
0,0,1,1,32,12,0,0,3260,31,12,4.4479,14500,0.7215,12,7,7.5,1,8,14.5,NA,64
0,0,0,3,51,9,0,0,1987,51,12,8.0523,19700,0.7215,7,7,14,1,20,19.7,NA,400
0,0,0,0,38,11,0,0,2185,46,11,7.5057,16788,0.6915,10,7,14,1,4,16.788,NA,16
0,0,2,0,33,12,0,0,2475,36,12,7.4747,18520,0.6915,10,10,11,1,7,18.52,NA,49
0,0,0,0,54,12,0,0,2610,53,12,6.3218,20950,0.6915,16,10,9.5,1,10,20.95,NA,100
0,0,0,3,38,9,0,0,1920,44,12,2.1354,7574,0.8015,7,3,11,0,3,7.574,NA,9
0,0,2,2,30,11,0,0,2352,31,14,4.2092,10027,0.7715,7,7,3,0,5,10.027,NA,25
0,0,2,3,34,12,0,0,3160,30,12,0.7595,5000,0.9415,12,12,7.5,0,10,5,NA,100
0,0,0,1,34,9,0,0,1040,37,13,4.8077,7040,0.7915,12,7,3,0,0,7.04,NA,0
0,0,0,2,50,12,0,0,3120,49,12,12.788,40800,0.5215,10,7,7.5,1,3,40.8,NA,9
0,0,2,0,30,17,0,0,2240,30,16,7.1429,16050,0.7215,12,12,11,0,10,16.05,NA,100
0,0,0,2,38,12,0,0,1980,42,16,15.152,33100,0.5815,10,7,11,1,2,33.1,NA,4
0,0,0,0,54,14,0,0,1960,58,14,7.9082,33856,0.7215,12,12,9.5,1,10,33.856,NA,100
0,0,1,2,30,12,0,3,2940,31,17,6.9728,20500,0.6915,12,12,7.5,1,4,20.5,NA,16
0,0,0,0,55,12,0,0,2467,56,11,4.9181,28600,0.5815,7,7,5,1,0,28.6,NA,0
0,0,0,1,51,10,0,0,2256,56,12,8.3112,18750,0.6915,10,10,11,0,10,18.75,NA,100
0,0,0,1,44,12,0,0,1680,46,12,7.1429,20300,0.7215,7,7,9.5,1,5,20.3,NA,25
0,0,0,0,53,12,0,0,2250,55,12,5.6889,13420,0.7215,7,7,5,0,0,13.42,NA,0
0,0,0,2,42,10,0,0,2400,49,9,7.0833,18400,0.7215,3,3,5,0,0,18.4,NA,0
0,0,0,2,38,12,0,0,2196,42,11,5.6922,16682,0.7215,10,7,7.5,0,19,16.682,NA,361
0,0,1,3,38,13,0,0,2400,40,12,11.4,32685,0.6215,7,7,7.5,1,2,32.685,NA,4
0,0,1,4,41,12,0,0,3825,41,11,1.4152,7050,0.8015,3,3,9.5,1,12,7.05,NA,144
0,0,0,3,35,8,0,0,2860,44,9,2.7507,10867,0.7815,12,7,9.5,1,5,10.867,NA,25
0,0,1,2,33,12,0,2.75,2750,34,12,6.6182,18220,0.7215,12,12,9.5,1,5,18.22,NA,25
0,0,0,0,48,13,0,0,2103,50,16,9.2725,26613,0.6915,7,7,7.5,0,5,26.613,NA,25
0,0,0,0,47,12,0,0,1880,51,12,12.287,25000,0.6215,12,10,7.5,1,10,25,NA,100
0,0,0,5,34,12,0,0,3185,41,13,2.8549,15700,0.7515,7,7,7.5,1,0,15.7,NA,0
0,0,2,1,33,13,0,0,2677,37,17,7.9709,40250,0.5215,12,10,5,1,4,40.25,NA,16
0,0,3,1,31,13,0,0,3600,36,17,19.444,73600,0.4415,12,16,11,0,3,73.6,NA,9
0,0,0,0,58,8,0,0,4334,58,8,1.4806,10592,0.7515,12,7,7.5,1,2,10.592,NA,4
0,0,0,0,49,12,0,0,2874,52,8,1.8918,8000,0.7515,7,7,3,0,1,8,NA,1
0,0,0,1,55,8,0,0,1936,56,9,6.9215,13400,0.7215,7,3,7.5,1,0,13.4,NA,0
0,0,0,0,44,14,0,1.5,1964,49,8,10.692,23700,0.6615,12,12,14,1,1,23.7,NA,1
0,0,0,0,44,9,0,0,1900,48,8,9.9474,18900,0.6915,7,7,11,1,1,18.9,NA,1
0,0,0,3,36,16,0,0,2500,37,17,19,48300,0.4615,7,12,9.5,1,6,48.3,NA,36
0,0,0,3,38,12,0,0,3173,46,14,7.4882,24470,0.6615,14,14,9.5,1,12,24.47,NA,144
0,0,0,3,37,16,0,0,2916,38,17,9.259,28630,0.6215,16,7,7.5,1,6,28.63,NA,36
0,0,0,0,47,12,0,0,2208,51,12,11.322,25320,0.6215,12,7,5,1,9,25.32,NA,81
0,0,0,3,47,12,0,0,2094,47,10,6.447,13530,0.7515,12,10,7.5,1,14,13.53,NA,196
0,0,1,1,32,12,0,0,2250,33,12,6.5778,14800,0.7215,7,7,9,1,13,14.8,NA,169
0,0,1,2,43,12,0,0,2000,46,12,6.1,17400,0.7515,12,7,7.5,0,8,17.4,NA,64
0,0,1,4,42,11,0,0,2600,48,10,4.2308,15980,0.7815,10,10,3,0,0,15.98,NA,0
0,0,0,0,56,12,0,0,4368,57,8,2.217,16576,0.7215,7,7,7.5,0,1,16.576,NA,1
0,0,0,5,38,13,0,2.25,3068,40,16,6.5189,21850,0.6915,12,7,11,1,3,21.85,NA,9
0,0,0,2,52,12,0,0,2218,51,11,6.4923,14600,0.7215,7,7,14,1,13,14.6,NA,169
0,0,0,0,50,12,0,0,1848,56,12,11.364,21600,0.6615,12,12,7.5,1,3,21.6,NA,9
0,0,0,0,33,16,0,0,2430,33,17,9.8765,24000,0.6615,12,12,7.5,1,8,24,NA,64
0,0,0,2,44,16,0,0,2640,44,17,7.6576,20883,0.6915,7,7,7.5,1,8,20.883,NA,64
0,0,0,1,41,12,0,0,2108,42,16,8.3017,19500,0.6915,7,7,14,0,18,19.5,NA,324
0,0,0,1,45,12,0,0,1998,45,12,14.114,42800,0.6215,14,12,11,1,2,42.8,NA,4
0,0,0,0,53,14,0,0,2500,55,16,16,41500,0.5215,7,7,7.5,0,3,41.5,NA,9
0,0,0,0,53,14,0,0,1665,56,17,11.291,18965,0.6915,12,12,14,1,5,18.965,NA,25
0,0,0,1,42,12,0,0,2990,46,12,2.3395,16100,0.7215,12,10,9.5,1,2,16.1,NA,4
0,0,2,0,32,13,0,0,1795,35,16,7.7994,14700,0.7215,12,17,7.5,1,10,14.7,NA,100
0,0,0,0,56,12,0,0,2500,53,12,6,18800,0.7215,7,7,7.5,1,30,18.8,NA,900
0,0,1,3,37,11,0,0,2205,40,11,6.6893,14750,0.7515,10,7,11,1,1,14.75,NA,1
0,0,1,2,40,12,0,0,2460,42,14,8.5366,21000,0.6915,12,7,14,1,5,21,NA,25
0,0,0,3,54,15,0,0,1880,55,16,13.83,35400,0.6215,0,7,7.5,1,8,35.4,NA,64
0,0,0,0,53,7,0,0,3481,53,9,1.48,10700,0.7515,7,7,7.5,0,0,10.7,NA,0
0,0,0,1,48,12,0,0,2450,51,12,8.5714,24500,0.6615,7,7,9.5,1,4,24.5,NA,16
0,0,1,2,36,12,0,0,2062,38,14,8.2299,17045,0.7215,7,7,9.5,1,2,17.045,NA,4
0,0,0,0,57,12,0,0,2146,52,14,8.3877,18800,0.6915,7,7,7.5,1,30,18.8,NA,900
0,0,0,0,51,12,0,0,1575,49,7,7.3651,14000,0.7215,10,7,14,1,25,14,NA,625
0,0,0,4,33,13,0,0,3096,37,12,3.4415,18214,0.7215,7,0,3,0,3,18.214,NA,9
0,0,0,0,52,12,0,0,3280,49,11,3.3537,20177,0.7515,7,7,7.5,1,20,20.177,NA,400
0,0,0,0,56,10,0,0,1680,60,8,2.9762,8300,0.7815,0,7,7.5,1,20,8.3,NA,400
0,0,1,2,36,12,0,0,2625,38,11,5.181,14200,0.7515,14,9,7.5,1,0,14.2,NA,0
0,0,1,0,36,14,0,0,1846,50,16,10.293,21768,0.6915,12,12,7.5,0,15,21.768,NA,225
0,0,0,1,46,12,0,0,2178,47,10,13.243,29553,0.5815,10,7,14,1,10,29.553,NA,100
0,0,0,3,31,10,0,0,960,33,9,3.6458,4350,0.9415,7,7,7.5,0,4,4.35,NA,16
0,0,0,0,52,11,0,0,2210,51,12,10.407,24000,0.6615,7,7,11,1,3,24,NA,9
0,0,0,2,46,12,0,0,2192,55,12,8.2117,18300,0.6915,7,7,7.5,1,10,18.3,NA,100
0,0,2,0,35,12,0,0,1960,44,16,8.6735,17200,0.7215,7,3,7.5,1,9,17.2,NA,81
0,0,0,0,59,12,0,0,1920,56,10,8.3208,16476,0.6915,7,7,14,0,7,16.476,NA,49
0,0,0,1,36,8,0,0,2286,40,12,4.287,13400,0.7515,0,0,14,0,12,13.4,NA,144
0,0,1,3,51,7,0,0,2000,52,7,10.5,44988,0.5215,3,3,14,0,0,44.988,NA,0
0,0,1,0,31,16,0,0,2256,31,12,7.9787,18200,0.6915,12,12,9,1,16,18.2,NA,256
0,0,0,2,31,14,0,0,2370,36,17,11.814,28000,0.6215,12,12,14,1,4,28,NA,16
0,0,1,1,32,12,0,0,1800,39,13,6.1111,11550,0.7515,12,12,7.5,1,7,11.55,NA,49
0,0,1,2,35,16,0,0,2250,38,16,12.578,28450,0.6215,12,7,14,1,7,28.45,NA,49
0,0,0,3,40,12,0,4.1,1080,43,12,11.244,15096,0.7515,7,10,7.5,1,14,15.096,NA,196
0,0,1,2,33,10,0,0,2840,38,12,2.7408,8009,0.7815,7,7,14,0,2,8.009,NA,4
0,0,0,0,54,7,0,0,2250,52,11,4.4444,10040,0.7515,0,0,3,1,20,10.04,NA,400
0,0,1,1,36,12,0,0,2746,37,12,5.8267,16700,0.7215,12,12,7.5,1,5,16.7,NA,25
0,0,0,1,50,10,0,0,2300,60,8,2.3478,8400,0.7815,12,7,3,0,10,8.4,NA,100
0,0,0,0,54,8,0,0,2860,49,8,4.4755,13000,0.7215,0,0,3,0,20,13,NA,400
0,0,0,1,48,11,0,0,1765,49,12,8.4986,17970,0.7215,7,7,7.5,1,10,17.97,NA,100
0,0,0,4,41,15,0,0,2520,42,16,7.1825,18450,0.7215,14,17,5,0,8,18.45,NA,64
0,0,0,4,50,12,0,0,2208,53,12,10.87,31000,0.6615,12,7,14,1,11,31,NA,121
0,0,0,2,46,12,0,0,2119,51,8,7.1222,24135,0.7215,10,7,7.5,1,3,24.135,NA,9
0,0,0,1,42,13,0,0,2580,47,17,10.6592,31700,0.5815,12,12,7.5,0,6,31.7,NA,36
0,0,1,2,31,9,0,0,1984,34,12,3.2762,10190,0.7915,3,3,14,0,4,10.19,NA,16
0,0,0,0,53,12,0,0,1880,58,8,7.7521,21574,0.7215,10,10,14,0,4,21.574,NA,16
0,0,0,1,51,12,0,0,2185,57,12,11.945,26680,0.6215,3,3,7.5,1,9,26.68,NA,81
0,0,0,1,47,12,0,0,2080,57,12,4.6154,17700,0.7515,7,9,11,1,10,17.7,NA,100
0,0,0,1,50,12,0,0,1920,50,12,13.021,29400,0.6215,12,12,14,1,3,29.4,NA,9
0,0,0,1,37,6,0,0,3000,52,5,2.6667,22159,0.7515,7,7,7.5,0,2,22.159,NA,4
0,0,2,2,30,12,0,0,2100,31,12,8.8333,35000,0.5815,12,12,11,0,2,35,NA,4
0,0,0,0,49,12,0,0,1690,39,12,2.3669,8630,0.7915,16,16,5,1,0,8.63,NA,0
0,0,0,2,52,12,0,0,2600,49,16,5,17080,0.7515,7,0,14,1,8,17.08,NA,64
0,0,0,2,47,12,0,0,1984,49,16,7.4597,32500,0.7215,10,7,14,1,6,32.5,NA,36
0,0,0,0,49,12,0,0,2064,53,12,7.7519,16000,0.7215,7,7,11,1,15,16,NA,225
0,0,0,4,44,12,0,0,2553,31,16,5.4054,18850,0.7515,12,10,14,1,15,18.85,NA,225
0,0,0,0,53,8,0,0,2776,59,9,6.1239,17500,0.6915,9,9,9.5,1,9,17.5,NA,81
0,0,1,0,30,12,0,0,2315,31,13,8.3369,19392,0.6915,7,12,14,0,8,19.392,NA,64
0,0,0,2,54,12,0,0,1880,55,12,7.1277,14450,0.7215,7,10,7.5,1,18,14.45,NA,324
0,0,1,1,47,7,0,0,2160,51,7,6.1204,21800,0.6915,0,0,7.5,1,3,21.8,NA,9
0,0,0,0,56,15,0,0,900,56,12,3.1111,7700,0.7515,7,7,14,1,10,7.7,NA,100
0,0,0,1,49,12,0,0,2467,52,16,12.161,31800,0.5815,7,7,11,0,6,31.8,NA,36
0,0,0,0,48,6,0,0,1820,55,12,5.3846,17258,0.7515,7,7,9.5,1,20,17.258,NA,400
0,0,0,1,49,12,0,0,2223,53,10,3.9838,13399,0.7515,10,12,9.5,0,8,13.399,NA,64
0,0,0,1,56,12,0,0,2142,60,12,7.4697,16073,0.7215,12,16,11,0,3,16.073,NA,9
0,0,0,0,46,12,0,0,1928,46,11,11.411,23260,0.6615,7,7,7.5,1,4,23.26,NA,16
0,0,0,2,45,12,0,0,2783,49,17,12.936,37300,0.5515,12,12,14,1,13,37.3,NA,169
0,0,0,2,32,12,0,0,1960,35,12,5.6122,11000,0.7515,12,7,11,1,4,11,NA,16
0,0,1,1,43,12,0,2.7,1920,41,12,6.8099,13075,0.7515,7,7,14,1,17,13.075,NA,289
0,0,1,1,34,12,0,0,1587,39,12,8.5066,13700,0.7215,7,7,9.5,1,4,13.7,NA,16
0,0,1,1,30,12,0,0,2496,51,10,5.508,25100,0.6615,7,10,5,0,0,25.1,NA,0
0,0,2,0,38,17,0,4.8,2280,39,12,7.2285,18600,0.6915,12,16,5,1,15,18.6,NA,225
0,0,1,1,33,16,0,0,2750,36,17,9.4545,29000,0.6215,16,16,9.5,0,11,29,NA,121
0,0,0,0,52,12,0,0,2115,55,12,8.9835,19237,0.6915,7,7,9.5,1,23,19.237,NA,529
0,0,0,3,43,11,0,0,2590,45,12,5.9846,19855,0.7215,12,14,7.5,1,1,19.855,NA,1
0,0,1,1,33,12,0,0,2372,34,12,3.9629,9450,0.7515,12,7,9.5,0,5,9.45,NA,25
0,0,0,0,45,10,0,0,2295,48,12,7.0575,30000,0.5815,7,7,7.5,0,1,30,NA,1
0,0,2,1,36,10,0,0,2096,38,12,7.1565,15000,0.7215,10,10,14,1,5,15,NA,25
0,0,1,1,34,12,0,0,3315,39,17,4.0145,24701,0.6615,12,12,9.5,1,3,24.701,NA,9
0,0,0,2,37,14,0,0,1777,50,16,3.8829,15900,0.7215,10,14,11,0,3,15.9,NA,9
0,0,0,1,46,10,0,0,1880,51,12,7.9787,16240,0.7215,7,7,11,0,19,16.24,NA,361
0,0,0,0,47,12,0,0,2184,55,10,5.0366,21100,0.7515,12,12,9.5,1,20,21.1,NA,400
0,0,2,1,31,16,0,0,3250,32,16,7.0769,23000,0.6615,12,12,7.5,1,5,23,NA,25
0,0,0,0,57,5,0,0,1520,58,5,3.6184,6340,0.7715,7,7,14,0,0,6.34,NA,0
0,0,1,1,30,12,0,0,3119,30,13,13.466,42250,0.4915,10,10,5,1,3,42.25,NA,9
0,0,0,0,30,12,0,0,640,43,17,14.531,14694,0.7215,12,10,11,1,3,14.694,NA,9
0,0,0,3,44,12,0,0,2250,45,12,6.8,21417,0.7215,12,12,9.5,1,7,21.417,NA,49
0,0,0,0,53,13,0,0,3000,53,13,6.6667,20200,0.6615,7,12,7.5,1,7,20.2,NA,49
0,0,0,0,51,8,0,0,2028,54,8,5.9172,12090,0.7215,7,7,9.5,1,1,12.09,NA,1
0,0,1,3,39,12,0,0,2412,36,14,10.24,24760,0.6615,12,7,5,1,13,24.76,NA,169
0,0,0,0,52,8,0,0,2452,54,12,8.1566,23000,0.6915,7,3,3,0,0,23,NA,0
0,0,0,4,46,8,0,0,2304,50,12,6.6775,19365,0.7215,3,3,11,1,0,19.365,NA,0
0,0,0,5,47,12,0,0,3120,49,12,0.9615,5550,0.9415,7,7,3,0,12,5.55,NA,144
0,0,0,2,52,8,0,0,1670,54,8,16.907,68035,0.4415,7,3,7.5,1,0,68.035,NA,0
0,0,0,2,45,12,0,0,2137,46,15,13.57,29300,0.6215,10,14,7.5,1,5,29.3,NA,25
0,0,0,0,60,11,0,0,2071,52,11,8.9329,18500,0.6915,7,7,7.5,1,45,18.5,NA,2025
0,0,0,2,41,13,0,0,1960,54,7,4.7372,22582,0.7215,17,7,11,0,10,22.582,NA,100
0,0,0,3,39,8,0,0,2068,45,12,8.5106,21500,0.7215,7,7,7.5,1,2,21.5,NA,4
0,0,0,1,49,12,0,0,2190,51,12,5.2511,28070,0.7515,7,7,7.5,0,3,28.07,NA,9
0,0,1,1,32,15,0,0,2295,37,13,21.786,50300,0.4415,12,12,14,1,1,50.3,NA,1
0,0,1,3,33,12,0,0,2970,34,13,7.9125,23500,0.6615,12,12,14,1,5,23.5,NA,25
0,0,0,4,36,10,0,0,2068,37,8,7.1083,15500,0.7515,7,9,14,0,10,15.5,NA,100
0,0,3,3,37,13,0,0,2419,39,14,5.0434,13440,0.7715,7,0,5,0,4,13.44,NA,16
0,0,1,2,30,12,0,0,2150,34,11,2.2442,8100,0.7815,12,12,11,0,7,8.1,NA,49
0,0,1,1,44,11,0,0,1152,37,10,8.5069,9800,0.7515,7,12,9.5,1,9,9.8,NA,81
0,0,0,1,48,12,0,0,2640,49,12,7.5758,20300,0.6915,7,12,5,1,5,20.3,NA,25
0,0,0,4,40,11,0,0,2550,45,11,5.8824,15000,0.7515,7,7,14,1,4,15,NA,16
0,0,0,0,47,13,0,0,1360,49,16,40.441,56100,0.4415,9,9,5,1,11,56.1,NA,121
0,0,0,2,36,12,0,0,2420,40,12,6.2339,22846,0.7215,12,7,5,1,9,22.846,NA,81
0,0,0,2,40,11,0,0,2205,42,14,9.2971,22225,0.6915,7,12,5,1,4,22.225,NA,16
0,0,0,1,46,12,0,0,3268,46,12,0.7038,17635,0.9415,12,7,7.5,1,2,17.635,NA,4
0,0,0,0,52,12,0,0,3672,54,12,2.5425,18500,0.6915,3,12,7.5,0,23,18.5,NA,529
0,0,0,1,44,12,0,0,1800,45,12,5.0833,13390,0.7515,12,12,11,0,3,13.39,NA,9
0,0,0,1,45,10,0,0,1926,46,14,7.6843,15150,0.7215,7,7,7.5,1,15,15.15,NA,225
0,0,2,1,30,7,0,0,1920,35,7,4.0625,16200,0.7815,7,3,7.5,0,8,16.2,NA,64
0,0,1,3,40,12,0,0,2080,44,12,6.5106,33920,0.6615,12,12,14,1,3,33.92,NA,9
0,0,0,1,43,12,0,0,2856,43,12,2.951,14000,0.7215,7,12,7.5,0,25,14,NA,625
0,0,0,2,49,12,0,0,2115,53,10,5.6738,16736,0.7515,12,3,11,1,2,16.736,NA,4
0,0,1,4,46,12,0,3.45,1880,48,12,12.766,30650,0.6615,12,12,11,1,0,30.65,NA,0
0,0,0,0,52,11,0,0,2000,52,12,6,12400,0.7515,7,7,11,0,19,12.4,NA,361
0,0,1,1,31,12,0,0,2044,33,15,9.2955,19022,0.6915,7,10,9.5,1,3,19.022,NA,9
0,0,1,1,42,10,0,0,1677,47,11,5.1324,11203,0.7515,7,7,5,0,7,11.203,NA,49
0,0,0,3,33,11,0,0,2184,38,8,9.0659,19876,0.6915,7,14,7.5,1,1,19.876,NA,1
0,0,0,0,57,16,0,0,3185,57,13,11.931,57000,0.4415,7,12,14,1,9,57,NA,81
0,0,0,0,49,10,0,0,2680,51,10,6.7164,18290,0.6915,10,10,11,1,3,18.29,NA,9
0,0,0,1,45,14,0,0,3615,47,14,4.5851,20220,0.6915,14,12,11,1,8,20.22,NA,64
0,0,0,0,56,11,0,0,2139,56,12,9.2567,22150,0.6915,7,7,14,1,0,22.15,NA,0
0,0,1,3,41,12,0,0,3080,43,12,8.5656,30623,0.6215,10,10,7.5,1,5,30.623,NA,25
0,0,0,0,56,5,0,0,1261,53,6,6.7407,9380,0.7515,3,3,14,1,20,9.38,NA,400
0,0,0,1,48,10,0,0,2227,48,10,9.8788,22000,0.6915,7,7,5,1,3,22,NA,9
0,0,0,2,52,16,0,0,1920,53,16,9.375,23675,0.6615,12,10,7.5,1,12,23.675,NA,144
0,0,0,0,51,12,0,0,2350,55,12,6.277,33671,0.7215,7,7,14,1,5,33.671,NA,25
0,0,0,3,35,11,0,0,1785,39,10,6.4241,12367,0.7515,7,7,7.5,0,1,12.367,NA,1
0,0,0,0,45,12,0,0,2598,51,12,8.3718,21950,0.6615,7,7,5,0,0,21.95,NA,0
0,0,0,0,54,12,0,0,2455,58,17,12.22,32000,0.5815,7,7,9.5,1,7,32,NA,49
0,0,0,2,54,12,0,0,2450,54,13,3.5612,22610,0.7215,10,10,9.5,1,13,22.61,NA,169
0,0,1,0,31,12,0,0,1218,32,8,8.867,12092,0.7515,7,7,3,0,3,12.092,NA,9
0,0,0,3,53,6,0,0,2040,54,4,1.8515,3777,0.9415,7,7,11,0,0,3.777,NA,0
0,0,2,2,35,14,0,0,2600,34,14,8.0769,36000,0.5515,16,14,3,0,2,36,NA,4
0,0,1,3,36,12,0,0,2450,40,16,8.9796,26900,0.6615,12,16,7.5,0,0,26.9,NA,0
0,0,0,0,59,12,0,0,2717,60,12,6.6618,32242,0.6615,7,7,11,1,2,32.242,NA,4
0,0,0,0,54,16,0,0,2701,54,17,11.107,35020,0.5815,16,17,5,1,1,35.02,NA,1
0,0,1,1,37,12,0,0,2600,47,17,14.077,37600,0.5515,7,7,9,1,10,37.6,NA,100
0,0,0,0,44,12,0,0,3640,54,10,0.4121,1500,0.9415,7,7,7.5,1,10,1.5,NA,100
0,0,1,2,34,17,0,0,2940,40,16,23.81,96000,0.4415,12,12,5,1,1,96,NA,1
0,0,0,0,49,12,0,0,1880,50,12,9.5745,18150,0.6915,7,7,11,0,3,18.15,NA,9
0,0,0,0,49,12,0,0,3500,51,12,1.9286,15500,0.7215,7,7,3,0,32,15.5,NA,1024
0,0,0,0,60,9,0,0,3320,60,8,2.5783,14000,0.7215,7,7,3,0,0,14,NA,0
0,0,0,0,51,12,0,0,1605,55,12,7.2274,14756,0.7215,7,7,7.5,1,7,14.756,NA,49
0,0,1,1,30,12,0,0,2500,30,14,8.8,22000,0.6615,12,10,5,1,5,22,NA,25
0,0,0,2,47,12,0,0,2400,49,9,7.75,24466,0.6615,7,7,11,1,2,24.466,NA,4
0,0,0,4,36,12,0,0,1634,45,17,14.688,24400,0.6615,12,12,7.5,1,5,24.4,NA,25
0,0,1,3,35,12,0,0,2260,38,12,10.487,24000,0.6615,7,7,9.5,1,3,24,NA,9
0,0,0,0,58,12,0,0,3478,53,12,4.0253,15500,0.7215,12,9,11,0,25,15.5,NA,625
0,0,1,3,41,14,0,0,2550,42,16,11.765,30800,0.6215,14,12,7.5,0,0,30.8,NA,0
0,0,0,1,51,10,0,0,840,52,8,9.5238,10660,0.7515,7,7,14,1,3,10.66,NA,9
0,0,0,0,47,12,0,0,1520,52,12,6.9079,13350,0.7215,7,7,11,0,10,13.35,NA,100
0,0,1,2,45,9,0,0,1920,35,9,5.151,10090,0.7515,12,3,11,0,10,10.09,NA,100
0,0,0,0,60,14,0,0,2703,55,17,20.496,55600,0.4415,16,14,14,1,7,55.6,NA,49
0,0,1,1,30,16,0,2,1896,46,16,13.555,25700,0.6615,12,12,9.5,1,5,25.7,NA,25
0,0,0,0,55,11,0,0,1960,57,13,14.796,29000,0.5815,7,3,5,1,15,29,NA,225
0,0,1,2,32,12,0,0,3060,50,8,1.6905,7286,0.7815,10,7,3,0,1,7.286,NA,1
0,0,0,2,36,12,0,0,2805,38,12,7.2296,37752,0.5215,7,7,3,0,5,37.752,NA,25
0,0,0,0,55,12,0,0,1944,53,7,4.1152,13072,0.7515,3,3,14,0,9,13.072,NA,81
0,0,0,0,47,12,0,0,1960,47,12,2.999,7044,0.7715,3,3,14,0,18,7.044,NA,324
0,0,0,1,47,12,0,0,2112,52,8,8.0492,18200,0.6915,7,7,14,1,1,18.2,NA,1
0,0,0,1,37,11,0,0,2544,39,12,8.577,27000,0.6215,12,7,3,0,0,27,NA,0
0,0,0,2,50,12,0,0,1700,53,17,9.3235,30300,0.5815,10,12,3,0,6,30.3,NA,36
0,0,0,3,30,12,0,0,2550,31,12,4.7059,12000,0.7515,3,7,14,0,1,12,NA,1
0,0,0,1,48,17,0,0,2080,45,17,9.1346,31500,0.6615,16,17,3,0,2,31.5,NA,4
0,0,0,2,43,10,0,0,2060,49,12,7.767,27092,0.7215,10,10,5,1,15,27.092,NA,225
0,0,1,0,48,11,0,0,1955,46,8,4.1269,20968,0.7515,7,7,3,0,25,20.968,NA,625
0,0,1,2,41,14,0,0,2500,44,17,10,27000,0.6615,17,7,14,1,1,27,NA,1
0,0,0,0,50,12,0,0,2750,52,10,4.0727,11225,0.7515,7,10,7.5,1,0,11.225,NA,0
0,0,0,0,58,8,0,0,2040,59,5,7.8529,37700,0.5815,3,3,7.5,0,0,37.7,NA,0
0,0,0,5,38,13,0,0,3275,43,15,7.8168,28200,0.6615,12,16,7.5,1,0,28.2,NA,0
0,0,0,1,37,12,0,0,2400,39,12,9.1667,34000,0.6615,7,12,5,0,8,34,NA,64
0,0,0,0,50,16,0,0,2024,51,17,29.644,63200,0.4415,12,7,9.5,1,22,63.2,NA,484
0,0,0,4,42,8,0,0,1840,44,6,4.0761,7500,0.7915,3,3,7.5,1,5,7.5,NA,25
0,0,1,3,37,9,0,0,2033,37,17,8.362,17410,0.7215,10,10,9.5,1,10,17.41,NA,100
0,0,0,2,41,16,0,0,1946,40,17,12.062,51000,0.4415,16,17,9,1,1,51,NA,1
0,0,0,2,31,12,0,0,3660,31,12,2.3251,12916,0.7515,10,7,3,0,1,12.916,NA,1
0,0,0,0,51,12,0,0,2088,55,11,10.01,21900,0.6615,7,7,5,1,6,21.9,NA,36
0,0,1,2,36,12,0,0,2048,41,12,5.2734,17640,0.7515,7,7,5,0,4,17.64,NA,16
0,0,0,0,54,15,0,0,1920,52,15,10.417,20000,0.6915,14,16,14,0,6,20,NA,36
0,0,0,0,49,12,0,0,2000,54,12,7.5,15000,0.7215,7,7,14,1,0,15,NA,0
0,0,1,1,48,9,0,0,2204,47,8,6.3521,14060,0.7215,10,12,5,0,1,14.06,NA,1
0,0,0,2,42,9,0,0,3157,45,10,3.8071,15825,0.7215,7,14,9.5,0,3,15.825,NA,9
0,0,1,2,41,12,0,0,1665,44,14,9.9099,16510,0.7215,3,16,9.5,1,15,16.51,NA,225
0,0,0,0,55,16,0,0,2304,56,11,2.6701,13000,0.7215,12,12,7.5,0,33,13,NA,1089
0,0,0,0,42,9,0,0,2275,46,8,4.3956,10000,0.7515,7,7,5,1,2,10,NA,4
0,0,0,1,32,15,0,0,2760,33,17,7.971,22000,0.6615,12,12,7.5,1,1,22,NA,1
0,0,0,2,43,12,0,0,1750,44,14,15.429,29800,0.5815,7,7,7.5,1,10,29.8,NA,100
0,0,1,3,33,12,0,0,3366,37,13,1.9854,15000,0.7215,7,7,5,1,0,15,NA,0
0,0,0,1,48,15,0,0,2205,51,16,7.2562,22300,0.7215,10,14,9.5,1,14,22.3,NA,196
0,0,0,2,43,12,0,0,1990,48,9,7.0352,14550,0.7215,3,16,7.5,1,15,14.55,NA,225
0,0,1,3,47,17,0,0,1930,57,16,8.1347,19730,0.6915,14,12,7.5,1,15,19.73,NA,225
0,0,0,0,54,12,0,0,1350,60,12,11.981,35000,0.5515,12,12,7.5,1,10,35,NA,100
0,0,0,1,51,12,0,0,3340,52,12,5.9922,21014,0.6615,7,3,7.5,1,6,21.014,NA,36
0,0,0,1,51,10,0,0,960,57,10,4.1458,10876,0.7515,14,7,7.5,0,18,10.876,NA,324
0,0,1,1,43,13,0,0,2732,42,13,8.5102,27850,0.6215,12,10,7.5,0,15,27.85,NA,225
0,0,0,0,53,12,0,0,1624,59,8,2.9631,9560,0.7515,0,3,3,0,30,9.56,NA,900
0,0,1,1,34,11,0,0,1804,36,12,8.8149,30300,0.6215,7,7,7.5,0,15,30.3,NA,225
0,0,1,1,31,8,0,0,2805,31,10,2.4955,7720,0.7815,7,7,7.5,0,10,7.72,NA,100
0,0,0,0,56,12,0,0,2160,59,8,4.8843,10550,0.7515,10,7,7.5,1,0,10.55,NA,0
0,0,0,1,42,16,0,0,2052,55,15,10.2,24106,0.6615,12,7,9.5,1,0,24.106,NA,0
0,0,0,2,32,12,0,0,2250,35,16,10,22995,0.6615,12,14,9.5,1,4,22.995,NA,16
0,0,1,3,35,12,0,0,1120,37,12,5.3571,6000,0.8015,12,12,9.5,1,0,6,NA,0
0,0,1,1,30,12,0,0,2450,36,14,9.7959,24350,0.6615,14,14,9.5,1,3,24.35,NA,9
0,0,0,0,51,10,0,0,3432,50,11,1.3741,7608,0.7715,7,7,7.5,0,20,7.608,NA,400
0,0,0,3,47,12,0,0,2700,48,12,3.463,28200,0.7215,7,7,3,0,3,28.2,NA,9
0,0,0,1,54,12,0,0,2817,55,13,5.0408,16150,0.7215,3,7,3,0,1,16.15,NA,1
0,0,3,0,31,15,0,0,3000,34,17,16.667,51200,0.4415,7,10,7.5,1,5,51.2,NA,25
0,0,0,0,47,10,0,0,2125,45,11,4.3294,12646,0.7515,7,7,5,1,7,12.646,NA,49
0,0,0,3,47,14,0,0,1864,42,16,10.193,19000,0.6915,7,7,11,1,6,19,NA,36
0,0,0,3,40,12,0,0,2400,39,12,7.5833,19000,0.7215,7,7,7.5,1,2,19,NA,4
0,0,0,0,48,8,0,0,2160,50,7,4.1204,14400,0.7515,3,3,7.5,0,0,14.4,NA,0
0,0,0,7,34,8,0,0,1040,51,7,4.8077,7232,0.9415,3,7,11,1,10,7.232,NA,100
0,0,0,3,38,12,0,0,2450,42,16,3.1531,21943,0.7515,7,10,9.5,1,6,21.943,NA,36
0,0,1,3,32,12,0,0,2500,34,16,19,47500,0.4615,7,10,7.5,1,4,47.5,NA,16
0,0,0,1,48,16,0,0,2131,45,17,6.0535,28900,0.6215,12,7,7.5,1,8,28.9,NA,64
0,0,0,2,41,12,0,0,2165,46,7,3.7875,12400,0.7715,7,7,7.5,0,18,12.4,NA,324
0,0,0,2,49,5,0,0,2230,43,3,2.9287,6531,0.7815,0,0,7.5,0,7,6.531,NA,49
0,0,0,0,59,8,0,0,1995,55,12,9.2972,22422,0.6915,3,7,11,1,15,22.422,NA,225
0,0,0,0,58,13,0,0,2025,57,16,9.3827,22200,0.6615,7,7,11,1,7,22.2,NA,49
0,0,0,3,41,12,0,0,2450,48,15,26.531,77000,0.4415,7,14,14,1,8,77,NA,64
0,0,0,2,45,12,0,0,2160,45,12,40.509,88000,0.4415,10,10,14,1,8,88,NA,64
0,0,1,1,30,14,0,0,1715,32,17,15.16,26040,0.6215,12,10,11,0,3,26.04,NA,9
0,0,0,1,41,12,0,0,3018,42,16,18.964,63500,0.4415,7,7,7.5,1,10,63.5,NA,100
0,0,2,0,30,12,0,0,2216,33,16,5.4152,12100,0.7515,10,10,7.5,0,9,12.1,NA,81
0,0,0,1,53,12,0,0,2499,54,12,1.9988,17505,0.7515,12,7,7.5,1,24,17.505,NA,576
0,0,0,0,31,12,0,0,2250,37,14,8,18000,0.6915,10,7,7.5,0,12,18,NA,144
0,0,0,2,43,14,0,0,2116,44,17,11.153,28069,0.6615,12,12,11,1,2,28.069,NA,4
0,0,1,1,31,12,0,0,2016,30,14,5.9524,14000,0.7515,12,14,14,1,6,14,NA,36
0,0,0,0,51,12,0,0,2470,60,10,2.1194,8117,0.7515,10,3,7.5,1,18,8.117,NA,324
0,0,0,0,43,9,0,0,1640,45,12,3.8384,11895,0.7715,7,7,5,1,17,11.895,NA,289
0,0,1,2,31,14,0,0,2016,34,16,17.361,45250,0.4915,16,16,5,1,7,45.25,NA,49
0,0,0,0,48,11,0,0,2185,48,12,8.0092,31106,0.6915,7,10,9.5,1,6,31.106,NA,36
0,0,1,1,31,12,0,0,800,33,14,3,4000,0.8015,12,7,9.5,1,10,4,NA,100
0,0,0,1,44,12,0,0,3022,46,12,10.589,40500,0.5815,7,7,7.5,1,5,40.5,NA,25
0,0,0,1,48,11,0,0,1512,50,14,10.913,21620,0.7215,10,7,7.5,1,7,21.62,NA,49
0,0,0,1,53,12,0,0,2677,53,12,5.6033,23426,0.7215,0,0,7.5,1,11,23.426,NA,121
0,0,0,3,42,10,0,2.75,3150,44,12,7.9365,26000,0.6615,3,3,11,1,14,26,NA,196
0,0,2,6,39,12,0,0,1430,34,12,2.9476,7840,0.9415,7,0,9.5,1,5,7.84,NA,25
0,0,1,2,32,10,0,0,3307,36,4,2.0562,6800,0.7915,7,3,7.5,0,2,6.8,NA,4
0,0,0,2,36,12,0,0,3120,39,12,1.3013,5330,0.7915,7,12,14,0,4,5.33,NA,16
0,0,0,2,40,13,0,0,3020,43,16,9.2715,28200,0.6215,10,10,9.5,1,5,28.2,NA,25
0,0,2,3,31,12,0,0,2056,33,12,4.8638,10000,0.7715,12,12,7.5,0,14,10,NA,196
0,0,0,0,43,12,0,0,2383,43,12,1.0898,9952,0.7515,10,3,7.5,0,4,9.952,NA,16
0,0,0,0,60,12,0,0,1705,55,8,12.44,24984,0.6215,12,12,14,1,15,24.984,NA,225
0,0,0,3,39,9,0,0,3120,48,12,6.0897,28363,0.6915,7,7,11,1,12,28.363,NA,144
